"name","currency"
"Afghanistan","AFN"
"Albania","ALL"
"Algeria","DZD"
"American Samoa","USD"
"Andorra","EUR"
"Angola","AOA"
"Anguilla","XCD"
"Antarctica",""
"Antigua And Barbuda","XCD"
"Argentina","ARS"
"Armenia","AMD"
"Aruba","AWG"
"Ascension Island","USD"
"Australia","AUD"
"Austria","EUR"
"Azerbaijan","AZN"
"Bahamas","BSD"
"Bahrain","BHD"
"Bangladesh","BDT"
"Barbados","BBD"
"Belarus","BYR"
"Belgium","EUR"
"Belize","BZD"
"Benin","XOF"
"Bermuda","BMD"
"Bhutan","INR,BTN"
"Bolivia, Plurinational State Of","BOB"
"Bonaire, Saint Eustatius And Saba","USD"
"Bosnia & Herzegovina","BAM"
"Botswana","BWP"
"Bouvet Island","NOK"
"Brazil","BRL"
"British Indian Ocean Territory","USD"
"Brunei Darussalam","BND"
"Bulgaria","BGN"
"Burkina Faso","XOF"
"Burundi","BIF"
"Cabo Verde","CVE"
"Cambodia","KHR"
"Cameroon","XAF"
"Canada","CAD"
"Canary Islands","EUR"
"Cayman Islands","KYD"
"Central African Republic","XAF"
"Ceuta, Mulilla","EUR"
"Chad","XAF"
"Chile","CLP,CLF"
"China","CNY"
"Christmas Island","AUD"
"Clipperton Island","EUR"
"Cocos (Keeling) Islands","AUD"
"Colombia","COP,COU"
"Comoros","KMF"
"Cook Islands","NZD"
"Costa Rica","CRC"
"Cote d'Ivoire","XOF"
"Croatia","HRK"
"Cuba","CUP,CUC"
"Curacao","ANG"
"Cyprus","EUR"
"Czech Republic","CZK"
"Democratic Republic Of Congo","CDF"
"Denmark","DKK"
"Diego Garcia","USD"
"Djibouti","DJF"
"Dominica","XCD"
"Dominican Republic","DOP"
"Ecuador","USD"
"Egypt","EGP"
"El Salvador","USD"
"Equatorial Guinea","XAF"
"Eritrea","ERN"
"Estonia","EUR"
"Ethiopia","ETB"
"European Union","EUR"
"Falkland Islands","FKP"
"Faroe Islands","DKK"
"Fiji","FJD"
"Finland","EUR"
"France","EUR"
"France, Metropolitan","EUR"
"French Guiana","EUR"
"French Polynesia","XPF"
"French Southern Territories","EUR"
"Gabon","XAF"
"Gambia","GMD"
"Georgia","GEL"
"Germany","EUR"
"Ghana","GHS"
"Gibraltar","GIP"
"Greece","EUR"
"Greenland","DKK"
"Grenada","XCD"
"Guadeloupe","EUR"
"Guam","USD"
"Guatemala","GTQ"
"Guernsey","GBP"
"Guinea","GNF"
"Guinea-bissau","XOF"
"Guyana","GYD"
"Haiti","HTG,USD"
"Heard Island And McDonald Islands","AUD"
"Honduras","HNL"
"Hong Kong","HKD"
"Hungary","HUF"
"Iceland","ISK"
"India","INR"
"Indonesia","IDR"
"Iran, Islamic Republic Of","IRR"
"Iraq","IQD"
"Ireland","EUR"
"Isle Of Man","GBP"
"Israel","ILS"
"Italy","EUR"
"Jamaica","JMD"
"Japan","JPY"
"Jersey","GBP"
"Jordan","JOD"
"Kazakhstan","KZT"
"Kenya","KES"
"Kiribati","AUD"
"Korea, Democratic People's Republic Of","KPW"
"Korea, Republic Of","KRW"
"Kuwait","KWD"
"Kyrgyzstan","KGS"
"Lao People's Democratic Republic","LAK"
"Latvia","EUR"
"Lebanon","LBP"
"Lesotho","LSL,ZAR"
"Liberia","LRD"
"Libya","LYD"
"Liechtenstein","CHF"
"Lithuania","EUR"
"Luxembourg","EUR"
"Macao","MOP"
"Macedonia, The Former Yugoslav Republic Of","MKD"
"Madagascar","MGA"
"Malawi","MWK"
"Malaysia","MYR"
"Maldives","MVR"
"Mali","XOF"
"Malta","EUR"
"Marshall Islands","USD"
"Martinique","EUR"
"Mauritania","MRO"
"Mauritius","MUR"
"Mayotte","EUR"
"Mexico","MXN,MXV"
"Micronesia, Federated States Of","USD"
"Moldova","MDL"
"Monaco","EUR"
"Mongolia","MNT"
"Montenegro","EUR"
"Montserrat","XCD"
"Morocco","MAD"
"Mozambique","MZN"
"Myanmar","MMK"
"Namibia","NAD,ZAR"
"Nauru","AUD"
"Nepal","NPR"
"Netherlands","EUR"
"New Caledonia","XPF"
"New Zealand","NZD"
"Nicaragua","NIO"
"Niger","XOF"
"Nigeria","NGN"
"Niue","NZD"
"Norfolk Island","AUD"
"Northern Mariana Islands","USD"
"Norway","NOK"
"Oman","OMR"
"Pakistan","PKR"
"Palau","USD"
"Palestinian Territory, Occupied","JOD,EGP,ILS"
"Panama","PAB,USD"
"Papua New Guinea","PGK"
"Paraguay","PYG"
"Peru","PEN"
"Philippines","PHP"
"Pitcairn","NZD"
"Poland","PLN"
"Portugal","EUR"
"Puerto Rico","USD"
"Qatar","QAR"
"Republic Of Congo","XAF"
"Reunion","EUR"
"Romania","RON"
"Russian Federation","RUB"
"Rwanda","RWF"
"Saint Barthélemy","EUR"
"Saint Helena, Ascension And Tristan Da Cunha","SHP"
"Saint Kitts And Nevis","XCD"
"Saint Lucia","XCD"
"Saint Martin","EUR"
"Saint Pierre And Miquelon","EUR"
"Saint Vincent And The Grenadines","XCD"
"Samoa","WST"
"San Marino","EUR"
"Saudi Arabia","SAR"
"Senegal","XOF"
"Serbia","RSD"
"Seychelles","SCR"
"Sierra Leone","SLL"
"Singapore","SGD"
"Sint Maarten","ANG"
"Slovakia","EUR"
"Slovenia","EUR"
"Solomon Islands","SBD"
"Somalia","SOS"
"South Africa","ZAR"
"South Georgia And The South Sandwich Islands","GBP"
"South Sudan","SSP"
"Spain","EUR"
"Sri Lanka","LKR"
"Sudan","SDG"
"Suriname","SRD"
"Svalbard And Jan Mayen","NOK"
"Swaziland","SZL"
"Sweden","SEK"
"Switzerland","CHF,CHE,CHW"
"Syrian Arab Republic","SYP"
"São Tomé and Príncipe","STD"
"Taiwan","TWD"
"Tajikistan","TJS"
"Tanzania, United Republic Of","TZS"
"Thailand","THB"
"Timor-Leste, Democratic Republic of","USD"
"Togo","XOF"
"Tokelau","NZD"
"Tonga","TOP"
"Trinidad And Tobago","TTD"
"Tristan de Cunha","GBP"
"Tunisia","TND"
"Turkey","TRY"
"Turkmenistan","TMT"
"Turks And Caicos Islands","USD"
"Tuvalu","AUD"
"Uganda","UGX"
"Ukraine","UAH"
"United Arab Emirates","AED"
"United Kingdom","GBP"
"United Kingdom","GBP"
"United States","USD"
"United States Minor Outlying Islands","USD"
"Uruguay","UYU,UYI"
"USSR","RUB"
"Uzbekistan","UZS"
"Vanuatu","VUV"
"Vatican City State","EUR"
"Venezuela, Bolivarian Republic Of","VEF"
"Viet Nam","VND"
"Virgin Islands (British)","USD"
"Virgin Islands (US)","USD"
"Wallis And Futuna","XPF"
"Western Sahara","MAD"
"Yemen","YER"
"Zambia","ZMW"
"Zimbabwe","USD,ZAR,BWP,GBP,EUR"
"Åland Islands","EUR"
