"id","price","sqft","bed","bath","ac","cars","pool","built","quality","style","lot","highway","fitted.m3","fitted.m4","lot.discrete","resid.m5","fitted.m5","resid.m5b"
"1",360000,3032,4,4,"yes",2,"no",1972,"medium",1,22221,"no",12.8786661767248,12.7317223370972,"large",-0.021241379060212,12.8151006894925,-30704.7672201122
"2",340000,2058,4,2,"yes",2,"no",1976,"medium",1,22912,"no",12.3827047275742,12.4007353360211,"large",0.344751466177844,12.3919494304145,70168.3785734574
"3",250000,1780,4,3,"yes",2,"no",1980,"medium",1,21345,"no",12.2116267051658,12.2674593245021,"large",0.0735146962011975,12.3557015006432,7857.97363553965
"4",205500,1638,4,2,"yes",2,"no",1963,"medium",1,17342,"no",12.1191831843585,12.1734293037226,"large",0.122685244280261,12.1105160686382,28683.6174390083
"5",275500,2196,4,3,"yes",2,"no",1968,"medium",7,21786,"no",12.4627593125451,12.4516358234172,"large",0.0937637334341385,12.432579174141,3620.05119719936
"6",248000,1966,4,3,"yes",5,"yes",1972,"medium",1,18902,"no",12.3275403269164,12.3373990069003,"large",0.0693621406949757,12.3518218844521,4003.13776065226
"7",229900,2216,3,2,"yes",2,"no",1972,"medium",7,18639,"no",12.4740934121121,12.4405638886188,"large",-0.04447576249948,12.3898754732508,-42369.4435613214
"8",150000,1597,2,1,"yes",1,"no",1955,"medium",1,22112,"no",12.0918553811637,12.1827000936741,"large",-0.114930774957028,12.0333213480354,-13672.6447190074
"9",195000,1622,3,2,"yes",2,"no",1975,"low",1,14321,"no",12.1085526016424,12.0134226378669,"large",0.0298777950402763,12.1508770425056,4803.5250469408
"10",160000,1976,3,3,"no",1,"no",1918,"low",1,32358,"no",12.2048131036238,12.1913918797712,"large",-0.112081464143868,12.0950105583598,-769.416918201048
"11",190000,2812,7,5,"no",2,"yes",1966,"low",7,56639,"no",12.6519181773586,12.5682467698559,"huge",-0.744526643003985,12.8993059941466,-207072.628019205
"12",559000,2791,3,4,"yes",3,"no",1992,"high",1,30595,"no",12.7709315730427,13.1012004298942,"large",0.325273807275236,12.908630944862,143578.693445034
"13",535000,3381,5,4,"yes",3,"no",1988,"high",7,23172,"no",13.0172160096112,13.2166573441371,"large",0.138428046767555,13.0515939791106,65296.637725264
"14",525000,3459,5,4,"yes",2,"no",1978,"high",5,35351,"no",13.0453564660653,13.2837126678619,"huge",0.0869453399204112,13.0842082016533,45926.8811674428
"15",299900,2090,3,3,"yes",2,"no",1987,"medium",1,24025,"no",12.4015558007851,12.4200511573852,"large",0.078713693005285,12.5324906717318,-1558.18674894794
"16",527000,3232,5,5,"yes",2,"no",1984,"medium",6,21445,"no",12.9605918374146,12.7764958952797,"large",0.165450032980058,13.0095057945434,85051.2934142432
"17",169900,1502,2,2,"yes",2,"no",1956,"medium",1,28958,"no",12.027439056685,12.1672358881249,"large",-0.0565896672171558,12.0995549748772,746.965171481421
"18",335250,2747,3,4,"yes",2,"no",1993,"medium",7,22241,"no",12.7501986094928,12.6502897788806,"large",-0.124569713648665,12.8472015147926,-61707.6825075954
"19",323900,2890,4,3,"yes",2,"no",1954,"medium",7,41992,"no",12.8163800204649,12.7706179321315,"huge",-0.0127019277257738,12.7008920328852,-38818.3424588798
"20",200000,1825,3,3,"yes",2,"no",1957,"medium",1,30266,"no",12.2402084720906,12.3312093597699,"large",-0.0745951591666223,12.2806678046968,-17504.4105505271
"21",211000,1578,4,3,"yes",2,"no",1986,"medium",2,18829,"no",12.0790945885782,12.1534771249533,"large",-0.0410721501406297,12.3006855625988,-11666.999428797
"22",212000,1763,3,3,"yes",2,"no",1959,"medium",1,24726,"no",12.2007397541633,12.2774008174464,"large",0.0261845938086432,12.2381569598455,7785.07229159078
"23",245000,2517,4,3,"yes",2,"no",1965,"medium",1,23261,"no",12.6364767372661,12.5800726289225,"large",-0.131317738897449,12.5403312284243,-64848.1315680842
"24",140400,1872,3,2,"yes",2,"no",1985,"medium",3,24017,"no",12.2696938013538,12.3245504130314,"large",-0.537901977930615,12.3901527485045,-126133.852559392
"25",295000,3266,3,3,"yes",2,"no",1908,"medium",6,24881,"no",12.9738444146208,12.8023550146037,"large",0.13908364611492,12.455646989207,2008.66286232717
"26",170900,2020,1,2,"yes",1,"no",1956,"medium",1,21385,"no",12.3600934712491,12.3760295508909,"large",-0.189233183353654,12.2380670524573,-50277.2288385519
"27",229000,2164,4,2,"yes",2,"no",1965,"medium",1,28291,"no",12.4444836217115,12.4706375209855,"large",-0.0523664310388792,12.3938437135753,-41884.647876573
"28",218500,2080,3,2,"yes",2,"yes",1959,"medium",1,14752,"no",12.3956834996229,12.3562052968142,"large",0.0758308357823167,12.2187104577355,888.71931391549
"29",160000,2208,2,2,"yes",2,"no",1985,"medium",7,8058,"no",12.4695679144888,12.3348218783362,"large",-0.351293142349109,12.3342222365651,-98517.0756771001
"30",259000,3048,6,4,"yes",3,"no",1960,"medium",7,29307,"no",12.8854699238193,12.7697451564843,"large",-0.324056577941402,12.7886399186231,-122306.827759368
"31",164500,1460,3,2,"yes",2,"no",1978,"medium",1,9999,"no",11.9984722372803,12.0153023636432,"large",-0.0423059573531318,12.0529718065407,5662.08539158069
"32",280000,2540,3,2,"no",2,"no",1940,"medium",5,42428,"no",12.5194598251044,12.5740512587002,"huge",0.10745139546588,12.4350934866855,-7080.81307602598
"33",154000,2208,2,2,"yes",2,"no",1985,"medium",7,6746,"no",12.4695679144888,12.3130898039261,"large",-0.360582996815846,12.3052908782116,-96228.7727298313
"34",272000,2560,4,2,"yes",3,"no",1977,"medium",5,36100,"no",12.6584197772968,12.6486433535923,"huge",-0.140909848302731,12.6544671935809,-85183.1378234024
"35",180000,2061,4,2,"no",2,"no",1958,"medium",1,20138,"no",12.2556864927729,12.2987419220258,"large",-0.155330823856659,12.256042953729,-47670.3966077196
"36",157500,1980,3,2,"yes",2,"no",1957,"medium",1,32519,"no",12.3360275271894,12.4098950902197,"large",-0.331056393573737,12.2982371308216,-80144.9441673246
"37",242500,3308,5,4,"yes",2,"no",1928,"medium",5,47323,"no",12.9899445170226,12.8901991821476,"huge",-0.355988663738494,12.7547456530982,-129428.974761747
"38",182000,2616,5,3,"no",2,"no",1955,"low",5,11123,"no",12.5577336456265,12.3073795259066,"large",-0.279932887922798,12.3916948539817,-85793.3130980654
"39",178000,1460,4,2,"yes",2,"no",1961,"low",1,27095,"no",11.9984722372803,12.0085483391036,"large",-0.0161765418313434,12.1057153711056,7166.79979990474
"40",171900,1580,2,1,"no",1,"no",1951,"low",4,12417,"no",11.9516478118133,11.8874331129529,"large",0.147228756666786,11.9074394347042,45428.1808727702
"41",165500,1460,3,2,"yes",2,"no",1960,"low",1,22493,"no",11.9984722372803,11.9857854688817,"large",-0.0522416366727272,12.068968110472,5377.43742808744
"42",183500,1540,3,2,"yes",2,"no",1992,"low",3,15801,"no",12.0533892949418,11.9840623633589,"large",-0.126719956198877,12.2466899026756,-35305.961859171
"43",135000,1388,2,1,"no",2,"no",1951,"low",1,26106,"no",11.8193257724049,11.8782868298946,"large",-0.145749451807577,11.9587795092281,-1604.78618743653
"44",175000,1624,3,2,"yes",2,"no",1948,"low",1,39219,"no",12.1098837992912,12.1376127997433,"huge",-0.0690891861722977,12.1416304390779,-7648.1502302035
"45",149500,1580,2,1,"yes",2,"no",1966,"low",1,11166,"no",12.0804407136,11.9619337325476,"large",-0.0717544316585954,11.9868061034715,-2457.2452754021
"46",177500,1820,3,2,"yes",2,"no",1960,"low",1,22104,"no",12.2370496831339,12.1618010383044,"large",-0.109964512330755,12.1966904002284,-27790.8189498598
"47",155000,1733,4,1,"yes",1,"no",1936,"low",4,22398,"no",12.1814078990751,12.1223480982055,"large",-0.0111276623990694,11.9623080583005,11911.9401615598
"48",145000,1896,3,2,"no",2,"no",1925,"low",6,32753,"no",12.155812713803,12.1572429832597,"large",-0.178254649972493,12.0627436713752,-17315.7100349393
"49",178000,2038,2,2,"no",2,"no",1918,"low",7,47884,"no",12.2420416978267,12.2661979651814,"huge",-0.0414267259403485,12.1309655552146,-5961.08151775309
"50",156000,1436,3,2,"no",3,"no",1920,"low",1,43594,"no",11.8529925209055,11.9665708442879,"huge",0.0473680605762266,11.9102432256554,49249.9677653452
"51",159000,1690,3,2,"no",1,"no",1922,"low",5,28518,"no",12.0246397719054,12.0436361123544,"large",0.0304979366188766,11.9461615445835,35541.2121830446
"52",160000,1496,2,2,"no",1,"no",1900,"low",5,43335,"no",11.8945263577982,11.9972777669625,"huge",0.180768160917896,11.8021609332981,86448.3095017685
"53",112000,1668,2,1,"no",1,"no",1948,"low",1,19612,"no",12.0102055809899,11.987109577757,"large",-0.368179538677742,11.994433688955,-40941.2939715964
"54",84000,980,1,1,"no",1,"no",1951,"low",1,17686,"no",11.5173788198629,11.5976861729673,"large",-0.408845419938868,11.7474174977643,17668.4701186104
"55",155000,2562,3,2,"no",2,"no",1885,"low",7,40800,"no",12.5306398487075,12.4481490754011,"huge",-0.131122631111613,12.082303027013,-21459.8249600185
"56",360000,2304,5,4,"yes",3,"no",1978,"medium",1,70240,"no",12.5231573720653,12.6372282088397,"huge",0.0167644972172809,12.777094813215,-3569.15768843235
"57",104000,1268,2,1,"no",1,"no",1947,"low",1,21067,"no",11.7334490384289,11.7864240075199,"large",-0.302425276332404,11.8545714544559,841.18536010398
"58",420000,2283,3,3,"yes",3,"no",1997,"high",1,18524,"yes",12.5115682612458,12.8645794038836,"large",0.323418513610276,12.6245914766493,85725.5520051098
"59",355000,2060,2,3,"yes",2,"no",1997,"medium",1,38623,"yes",12.3838880085271,12.4654410528403,"huge",0.116538506680912,12.6633345617766,14940.0664730964
"60",165000,2087,2,2,"yes",2,"no",1966,"medium",1,24764,"yes",12.3997958915434,12.422496134787,"large",-0.336984048249157,12.3506848011319,-91868.8598164074
"61",244000,2081,4,2,"yes",2,"no",1980,"medium",3,24993,"yes",12.3962714930707,12.4210976540552,"large",-0.0352945804313235,12.4402180847067,-40940.6428191671
"62",179900,1696,3,3,"yes",2,"no",1978,"medium",2,22294,"yes",12.1573550223584,12.2325859321732,"large",-0.219274898409772,12.3194313183484,-49483.268775638
"63",253000,2222,4,2,"no",2,"no",1955,"medium",1,71527,"yes",12.3486875091149,12.5199182083513,"huge",-0.0602958703096936,12.5014406380193,-48259.0069883373
"64",200000,2110,5,3,"yes",2,"no",1957,"medium",1,15332,"yes",12.4132495143378,12.3734864054145,"large",-0.0672424071015709,12.2733150526317,-22189.029799086
"65",200000,1774,4,2,"no",2,"no",1963,"low",1,15528,"yes",12.078996947849,12.0095768357524,"large",0.0642197506347271,12.1418528948954,10965.5517952472
"66",147700,1592,3,2,"yes",2,"no",1957,"low",1,11221,"yes",12.0885032148751,11.9685811455089,"large",-0.0813606394667317,11.9842991079862,9237.89120336529
"67",188700,1748,3,2,"yes",2,"no",1972,"low",1,23939,"yes",12.1910929099085,12.1376556759501,"large",-0.112970777395954,12.2608845087526,-35464.2855066951
"68",177000,1985,3,1,"no",2,"no",1948,"low",1,69975,"yes",12.2102577109686,12.2896497228385,"huge",-0.232571734652141,12.3164767462081,-75754.2680153362
"69",585000,2558,2,4,"yes",3,"yes",1984,"high",3,24601,"no",12.6574061255826,12.9995025107235,"large",0.542285617874871,12.7370815083391,225742.213981115
"70",549900,4000,6,5,"yes",3,"yes",1979,"high",10,23595,"no",13.2121331509408,13.3131418097248,"large",-0.0538829906584353,13.2713747131543,15546.6810071284
"71",675000,3942,4,3,"yes",2,"no",1990,"high",7,18920,"no",13.1966292073474,13.2800239320957,"large",0.237863539273633,13.184604430581,142043.632528613
"72",830000,3889,4,4,"yes",3,"no",1991,"high",7,28378,"no",13.1819628462103,13.3235183126233,"large",0.341024375629114,13.2881566041437,279871.378027261
"73",920000,3857,4,5,"yes",3,"no",1997,"high",1,32793,"no",13.1728769890046,13.3373030396527,"large",0.343042007016877,13.3890869420083,352033.727379854
"74",855000,4756,4,4,"yes",3,"no",1990,"high",7,22215,"no",13.3620254767307,13.3340786917978,"large",0.102566076523313,13.5562906713956,207580.031296792
"75",585500,3302,4,3,"yes",3,"no",1982,"high",7,26463,"no",12.9876628223516,13.2162596471971,"large",0.324654384500047,12.9555670775199,134874.478284821
"76",399000,2629,3,3,"yes",2,"no",1989,"high",9,24778,"no",12.6929752546196,13.0242042716958,"large",0.150833832303273,12.7458828635687,23199.0040455755
"77",790000,4418,5,5,"yes",3,"no",1997,"high",7,22024,"no",13.3069930733941,13.3321687101323,"large",0.0520477358459462,13.5277404885973,168944.390880764
"78",665000,4746,4,4,"yes",3,"no",1996,"high",7,23368,"no",13.3606754910684,13.3405150386556,"large",-0.192020838503922,13.5995631581419,4322.20763163752
"79",725000,3242,3,3,"yes",3,"no",1989,"high",1,27173,"no",12.9645100097486,13.2061645316874,"large",0.510704608152743,12.9832223256841,266598.896408532
"80",647000,2464,3,3,"yes",3,"no",1992,"high",1,31703,"no",12.6089991278871,12.997678477258,"large",0.634607039462224,12.7454945340208,274692.245963931
"81",780000,4419,4,5,"yes",7,"no",1987,"high",1,56127,"no",13.3071844736821,13.4465956850556,"huge",-0.0489105475168721,13.6159597461826,135479.587064058
"82",657500,3877,3,3,"yes",3,"no",1992,"high",7,24639,"no",13.1785760052668,13.3047996900365,"large",0.179285955438287,13.2169140875958,116469.900109946
"83",578000,3808,5,4,"yes",3,"no",1982,"high",7,23324,"no",13.1586276409344,13.2893362068572,"large",0.0984710955573082,13.1688580520972,65627.3096393398
"84",500000,3376,5,4,"yes",2,"no",1947,"high",7,18452,"no",13.0153769361305,13.1877820048477,"large",0.373851897549797,12.7485114798545,124755.459662671
"85",484530,2940,3,3,"yes",3,"yes",1979,"high",7,20639,"no",12.8387019128756,13.0962906221866,"large",0.326451480927344,12.7644831469733,97822.0043805216
"86",609000,2654,5,3,"yes",3,"no",1997,"high",1,12821,"no",12.7052960407436,12.9518223546818,"large",0.620336348785605,12.6992371979064,244500.647327404
"87",635000,2672,4,3,"yes",3,"no",1995,"high",1,28049,"no",12.7141013602375,13.0533871127505,"large",0.541054527390458,12.8203257504844,235748.536473565
"88",519000,3386,4,4,"yes",3,"no",1994,"high",7,24008,"no",13.019050842361,13.2220093765263,"large",0.0618201547505919,13.0978390073974,34829.811925265
"89",625100,3648,4,4,"yes",3,"no",1992,"high",7,26604,"no",13.1092629565713,13.2820611288491,"large",0.148979817845509,13.1966870980744,106735.095071753
"90",585444,3455,4,5,"yes",3,"no",1995,"high",7,22468,"no",13.0439384708616,13.227523351193,"large",0.111277589264976,13.1688482234326,90517.4722365684
"91",399900,3321,3,4,"yes",3,"yes",1971,"high",7,15012,"no",12.994867239599,13.1510328670753,"large",0.0493467163760273,12.8496230784589,-7397.93624833204
"92",389900,2817,4,3,"yes",3,"no",1996,"high",7,31214,"no",12.7830285070787,13.1114601756144,"large",-0.0231165247885251,12.8967620997592,-34887.3907500945
"93",649000,3210,3,5,"yes",3,"no",1995,"high",1,30033,"no",12.9519121487878,13.2110452819918,"large",0.255950605738366,13.1272373899479,171832.130200984
"94",535000,3588,4,5,"yes",3,"no",1987,"high",7,22530,"no",13.0896316469607,13.251870979395,"large",0.0240386932804111,13.1659833325977,39190.8327702896
"95",640000,2705,3,3,"yes",3,"no",1994,"high",1,22196,"no",12.7301017029722,13.0353171626166,"large",0.581473988685712,12.7877494666501,249477.93399392
"96",600000,2344,4,3,"yes",2,"no",1925,"high",1,86004,"no",12.5450249211932,13.0756506798953,"huge",0.871967054556706,12.4327178796416,332432.289574494
"97",582500,4264,5,4,"yes",4,"no",1995,"high",7,24983,"no",13.2754929040727,13.3408662906042,"large",-0.154105900246467,13.4291903646685,-17700.6826269203
"98",545000,2615,3,3,"yes",3,"no",1996,"high",1,21722,"no",12.6860293056081,13.0034764921728,"large",0.444059129908111,12.7644819437373,162921.749087546
"99",480000,3608,6,4,"yes",3,"no",1981,"high",7,25219,"no",13.0962432685263,13.2690136966817,"large",-0.0210551591316462,13.1025965420157,-8441.11467484874
"100",595000,2479,4,4,"yes",3,"no",1989,"high",1,29805,"no",12.6168241541198,12.9954683464249,"large",0.524429477609303,12.7718872069185,226737.340244776
"101",610000,3251,3,4,"yes",3,"yes",1985,"high",1,25570,"no",12.9680218615493,13.2007673282535,"large",0.320067326838796,13.0011469093107,158396.134393535
"102",570000,2547,2,3,"yes",3,"no",1996,"high",1,21789,"no",12.6518189126635,12.9808926979455,"large",0.513070114517276,12.7403215252935,196463.585506896
"103",479000,5032,7,3,"yes",3,"no",1989,"high",7,22000,"no",13.3925901542223,13.3194313323245,"large",-0.518572047662885,13.5980279240559,-198184.164072366
"104",545000,4973,6,6,"yes",3,"yes",1987,"high",7,56139,"no",13.3871422822712,13.4379334608939,"huge",-0.658708116848837,13.8672491904942,-173297.20085767
"105",335000,2582,4,3,"yes",2,"no",1966,"high",2,23256,"no",12.6695251640349,13.0007749040641,"large",0.151572191116359,12.5703136196908,14830.4062225278
"106",629000,3139,6,4,"yes",2,"yes",1977,"high",1,21810,"no",12.9233403954704,13.1549890358074,"large",0.468800931467524,12.8830856042151,215353.070647803
"107",505500,3516,4,4,"yes",3,"no",1979,"high",7,19867,"no",13.0652679972863,13.2238575717097,"large",0.115792887994418,13.0175104294482,43993.1365075843
"108",528750,2129,0,0,"yes",3,"no",1992,"high",1,37414,"no",12.42429569458,12.8888971357165,"huge",0.678308599107457,12.4999624102352,200523.54832683
"109",370000,2936,4,4,"yes",3,"no",1987,"high",7,16437,"no",12.8369317673727,13.0673405396807,"large",-0.00659682741179818,12.8278551120322,-24819.4971128828
"110",529000,3351,5,4,"yes",3,"no",1994,"high",7,24216,"no",13.0061179577625,13.2158510613718,"large",0.0921939137168127,13.0865497971236,48897.9516977519
"111",490000,3136,4,4,"yes",3,"no",1989,"high",7,27158,"no",12.9221143094424,13.1810726076738,"large",0.107137908445964,12.9950227616408,42157.9488186272
"112",535000,3525,4,5,"yes",3,"no",1996,"high",7,27501,"no",13.0683615433848,13.2652465407805,"large",-0.0435629111398799,13.233584937018,19676.3936338762
"113",612000,3917,6,5,"yes",3,"no",1995,"high",7,37972,"no",13.1897704827049,13.3624024748874,"huge",-0.0973439043604967,13.421831465855,33589.7726571393
"114",442500,2702,4,3,"yes",3,"no",1991,"high",1,39643,"no",12.7286547596757,13.1052915589321,"huge",0.13844325883195,12.8617524845982,31398.5794317817
"115",500000,3644,3,4,"yes",3,"no",1984,"high",7,21895,"no",13.107973201072,13.2576005544869,"large",0.0103891647121825,13.1119742126921,7464.87174483842
"116",539000,3072,4,4,"yes",3,"no",1992,"high",1,25158,"no",12.8955941224263,13.1557003888675,"large",0.218781464709929,12.9786893851812,96812.5019085627
"117",545500,3233,4,4,"yes",3,"no",1991,"high",7,22961,"no",12.9609844179795,13.1835165707214,"large",0.193698028497694,13.0157600557576,89039.3113983987
"118",424000,2918,4,4,"yes",3,"no",1988,"high",7,22003,"no",12.8289325260203,13.0979671161796,"large",0.0822397102134819,12.8752490240006,15848.7034155151
"119",325000,3266,4,3,"yes",3,"no",1985,"high",7,16640,"no",12.9738444146208,13.15159917227,"large",-0.194734105507955,12.8863145668198,-105477.798988173
"120",367000,2940,4,7,"yes",2,"no",1988,"high",7,22003,"no",12.8387019128756,13.1041164537379,"large",-0.221111767742219,13.0342288947789,-52978.7293233635
"121",470000,3430,3,4,"yes",2,"yes",1966,"high",7,25018,"no",13.0350145102397,13.2358262589557,"large",0.120404422530651,12.9400835511556,35105.6323557851
"122",393000,2472,4,4,"yes",3,"no",1987,"high",1,21784,"no",12.6131772248299,12.9546447987122,"large",0.176140200887472,12.7054246899639,44310.8730462078
"123",530000,2878,4,4,"yes",3,"no",1992,"high",1,68351,"no",12.8109596642095,13.2251873685723,"huge",0.10959033149338,13.0710419540349,65977.8647459165
"124",400000,2537,3,3,"yes",2,"no",1993,"high",1,11053,"no",12.6467218171215,12.8944553298546,"large",0.292345969351243,12.6068738567389,65481.84120032
"125",403500,3858,4,4,"yes",3,"no",1987,"high",7,22224,"no",13.1731635512954,13.2898531471494,"large",-0.303413417224446,13.2113451839166,-123151.996325063
"126",550000,2742,3,3,"yes",3,"no",1991,"high",1,22306,"no",12.7478218113259,13.0475340175648,"large",0.435031273472832,12.7826422837358,160609.069899837
"127",380000,3460,5,4,"yes",2,"no",1972,"high",1,18571,"no",13.0457105407931,13.2051851688025,"large",-0.0931867736062443,12.9411133053088,-57003.5535611582
"128",500000,3836,5,4,"yes",3,"no",1982,"high",5,48465,"no",13.1668199965421,13.3824201366404,"huge",-0.175711687607545,13.2980750650119,-50058.1826041143
"129",465000,4453,7,5,"yes",2,"no",1974,"high",7,15595,"no",13.3135911540788,13.2909321351566,"large",-0.286243634030348,13.3360363185998,-97755.7623502414
"130",451500,4080,5,4,"yes",3,"no",1983,"high",7,22134,"no",13.2325815473281,13.3128380873668,"large",-0.245092854757871,13.265423506597,-95201.4228039206
"131",336000,3301,3,4,"yes",2,"no",1977,"high",3,18741,"no",12.9872819462041,13.1738496672255,"large",-0.192283439284109,12.9171498782295,-91265.8928754288
"132",550000,3828,4,5,"yes",2,"yes",1975,"high",1,17051,"no",13.1644928938504,13.2536472354796,"large",0.0873334536754059,13.1303401035332,60881.8526845772
"133",450000,2973,4,3,"yes",2,"no",1980,"medium",7,21999,"no",12.8532020546244,12.7147275510468,"large",0.223719136238366,12.7932837255081,54071.6134213264
"134",440000,2821,5,4,"yes",2,"yes",1962,"medium",1,32914,"no",12.7848793960992,12.7206976543882,"large",0.256433660839555,12.7380963450549,78215.5435672611
"135",515000,2950,5,3,"yes",2,"no",1969,"medium",1,21598,"no",12.8431154025861,12.7061739757711,"large",0.440854704784222,12.7110674748617,145188.55316458
"136",415000,2362,3,3,"yes",2,"no",1977,"medium",3,21604,"no",12.5547767718383,12.5150354816514,"large",0.386623909646605,12.5494098895662,104045.709270425
"137",380000,3092,3,4,"yes",2,"no",1978,"medium",3,20081,"no",12.9039563177338,12.7347770071192,"large",-0.0111110279406524,12.8590375596432,-25820.9011616193
"138",489500,2866,4,4,"no",2,"no",1982,"medium",7,22424,"no",12.6767219795572,12.599502997724,"large",0.280326034201667,12.820813706751,99281.8237838622
"139",478000,3369,5,4,"yes",3,"no",1981,"medium",7,21161,"no",13.0127951088295,12.8046565302991,"large",0.0900089015883657,12.9873571098852,28267.8154500681
"140",460000,3068,4,4,"yes",3,"no",1988,"medium",7,18289,"no",12.8939135411614,12.7172435042145,"large",0.139429288759523,12.8995524797058,41311.973966212
"141",379900,2380,3,3,"yes",3,"no",1998,"medium",1,21999,"no",12.5644736626101,12.5239603616575,"large",0.153459483813953,12.6942038553618,23188.3224532173
"142",390000,2225,2,3,"yes",3,"no",1997,"medium",1,38722,"no",12.4791716203016,12.5335541667503,"huge",0.150309626859696,12.7235923912461,28745.6455502939
"143",338000,2655,3,3,"yes",2,"no",1948,"medium",1,21960,"no",12.7057866670085,12.6195152380449,"large",0.259332550230397,12.4714686242348,47706.2205406895
"144",675000,3855,4,4,"yes",3,"no",1996,"medium",7,35845,"no",13.1723033555351,12.9494967531791,"huge",0.0763966556060516,13.3460713142486,108173.926112476
"145",440000,2892,4,4,"yes",2,"no",1977,"medium",6,35839,"no",12.8172810383647,12.7518144224479,"huge",0.120169210245804,12.8743607956486,34738.1427825783
"146",500000,3832,4,3,"yes",2,"no",1952,"medium",1,28722,"no",13.1656578022301,12.9194905457986,"large",0.154552847089359,12.967810530315,38734.6536159275
"147",470000,3164,6,4,"yes",2,"no",1982,"medium",7,20505,"no",12.9334984088028,12.7550635671563,"large",0.146161859998657,12.9143261136876,45891.4214210617
"148",317500,2620,3,2,"yes",3,"no",1925,"medium",7,12266,"no",12.6885138183415,12.53680963826,"large",0.502806077614489,12.1654270197004,108515.752080061
"149",430000,3076,6,4,"yes",3,"no",1984,"medium",7,26648,"no",12.8972719896234,12.7653185786392,"large",0.0335824794182528,12.9379580082515,851.758072632247
"150",430000,4022,6,4,"yes",3,"no",1986,"medium",7,18429,"no",13.2178646834015,12.8866574150297,"large",-0.262356405092189,13.2338968927619,-106837.255600852
"151",475000,3377,4,3,"yes",3,"no",1997,"medium",7,22495,"no",13.0157450900851,12.8137749623026,"large",0.0180949673206222,13.0529751156962,-8066.5867516944
"152",389000,2858,5,4,"yes",1,"no",1989,"medium",7,23981,"no",12.801871455761,12.6928728768367,"large",-0.00261159540090267,12.8739462180015,-17531.5945215272
"153",400000,3540,4,4,"yes",3,"yes",1980,"medium",7,18012,"no",13.0734869202859,12.8177385235761,"large",-0.117480844648138,13.0167006707383,-62029.9823808408
"154",395000,3045,4,3,"yes",1,"no",1991,"medium",7,34356,"no",12.8841975290093,12.788402838691,"large",-0.0762061340988444,12.9628471779821,-53236.2794673677
"155",395000,4150,4,3,"no",3,"no",1934,"medium",7,21778,"no",13.1207904388778,12.8306262979096,"large",-0.0354583608365146,12.9220994047198,-57449.3283727117
"156",296000,1778,2,2,"yes",2,"no",1991,"medium",7,24022,"no",12.2103484318394,12.28096441416,"large",0.203357597710481,12.3947571355957,29287.5962812766
"157",387500,2412,2,3,"yes",3,"no",1986,"medium",3,22676,"no",12.5815768761469,12.5394607500404,"large",0.234050933782368,12.6334201939932,49637.8880235378
"158",353000,2668,4,3,"yes",2,"no",1978,"medium",2,18384,"no",12.7121493721909,12.601994611299,"large",0.133666690624308,12.6405566452911,8459.17445368241
"159",350000,2274,4,3,"yes",3,"no",1986,"medium",1,22049,"no",12.5065785995188,12.4839488027311,"large",0.186881910569106,12.5788065228965,31071.9987928671
"160",437632,2936,4,3,"yes",3,"no",1980,"medium",5,22844,"no",12.8369317673727,12.7091522362823,"large",0.203132818890102,12.7860008346688,44671.6727127153
"161",447500,2526,2,2,"yes",0,"no",1996,"medium",1,28248,"no",12.6410954198483,12.6069542844912,"large",0.286795497093024,12.724636319604,67543.6344670114
"162",318500,2449,4,4,"yes",2,"no",1985,"medium",3,22075,"no",12.6011359350757,12.549599432581,"large",-0.0149784908257326,12.6863562448201,-23811.8737022178
"163",352000,3131,4,4,"yes",2,"no",1988,"medium",7,15209,"no",12.9200674401445,12.7105074815303,"large",-0.120992871418689,12.8923793259989,-66134.2281731844
"164",295000,2536,3,3,"yes",3,"no",1987,"medium",7,39427,"no",12.6462111746065,12.65118782974,"huge",-0.180154138102694,12.7748847734247,-86527.0401399332
"165",313500,3314,2,3,"yes",3,"no",1984,"medium",7,24339,"no",12.9922201050411,12.810183627875,"large",-0.303631056102589,12.9591856951577,-138814.572453851
"166",330000,2230,3,2,"yes",2,"no",1986,"medium",1,24798,"no",12.4819869100502,12.4810417340149,"large",0.175204904856868,12.5316430285858,14218.0489208737
"167",400000,2631,4,4,"no",2,"no",1985,"medium",7,44885,"no",12.5651719171953,12.6115933464365,"huge",0.0313277420449293,12.8678920840452,1344.70237847383
"168",325000,2638,4,3,"yes",2,"no",1978,"medium",3,25747,"no",12.6974229509294,12.6334162596392,"large",0.00706830491776961,12.6845121563941,-31418.4252642764
"169",340000,2756,4,3,"yes",2,"yes",1973,"medium",7,22546,"no",12.7544661595513,12.654737857544,"large",0.0632242932858841,12.6734766033065,-15152.5630228696
"170",399900,3262,5,4,"yes",2,"no",1978,"medium",7,25541,"no",12.972295465645,12.8046623210739,"large",-0.060876371391969,12.9598461662269,-38851.5163453968
"171",249900,1936,4,4,"yes",3,"no",1987,"medium",3,12850,"no",12.309241513891,12.2769189920915,"large",0.00371307901267731,12.4251030378104,-5710.18537819165
"172",389000,3148,4,4,"yes",3,"yes",1969,"medium",7,16587,"no",12.9270094935752,12.725267478329,"large",0.0810992351309545,12.7902353874696,3204.27625498699
"173",364500,2616,3,4,"yes",2,"no",1977,"medium",7,32655,"no",12.6865265474132,12.6552218010158,"large",0.0471651476798637,12.759116682751,-1169.94134847395
"174",357500,3630,4,3,"yes",2,"no",1969,"medium",7,23283,"no",13.1034376835403,12.8644204989761,"large",-0.183024281887842,12.969914923004,-102669.689469279
"175",295000,1954,3,3,"yes",3,"yes",1962,"medium",3,19300,"no",12.320239121664,12.3346503375182,"large",0.308304895234178,12.2864257400878,71856.0930931476
"176",274500,1926,5,3,"yes",2,"no",1986,"medium",7,26418,"no",12.3031079837014,12.3605880499491,"large",0.0406803398427358,12.482026200089,-8409.98907227081
"177",259000,2556,3,2,"yes",2,"no",1957,"medium",1,80886,"no",12.6563917953513,12.745931065408,"huge",-0.190895714078041,12.6554790547597,-94713.2607462298
"178",415000,2282,5,4,"yes",2,"no",1987,"medium",3,23003,"no",12.5110145329042,12.4922346851312,"large",0.290652968992709,12.6453808302201,88039.7015107035
"179",443000,3314,3,4,"yes",3,"no",1986,"medium",7,22012,"no",12.9922201050411,12.7978948682841,"large",-0.00472187958353245,13.0060469286108,-11692.0323204458
"180",249000,2001,3,3,"yes",2,"no",1981,"medium",3,23812,"no",12.3486959888538,12.3809489764166,"large",-0.0348930557771111,12.460101231224,-28499.8949402251
"181",330000,2607,5,2,"yes",2,"no",1976,"medium",3,23139,"no",12.6820452645142,12.610104007885,"large",0.114185956455343,12.5926619769873,-10413.7830784077
"182",291000,2840,4,4,"yes",2,"no",1965,"medium",7,23079,"no",12.7936340549578,12.6829127540593,"large",-0.125451049154833,12.7065295953085,-62743.5653211198
"183",418000,3036,3,5,"no",2,"no",1977,"medium",7,33746,"no",12.7515782828136,12.696377619431,"large",-0.0238865096644675,12.9671232211714,-5853.9876335264
"184",320000,2240,4,2,"yes",3,"no",1974,"medium",3,18682,"no",12.4876047673546,12.4503646926286,"large",0.264234248778255,12.4118420259977,40499.2203346434
"185",264000,1788,3,3,"no",2,"no",1969,"medium",1,18484,"no",12.0879401115153,12.1661408509758,"large",0.219409697093065,12.2642946850354,49869.16612358
"186",381000,2620,5,4,"yes",2,"no",1965,"medium",7,28093,"no",12.6885138183415,12.6381464420131,"large",0.191807948954259,12.6587467051546,46187.5676119277
"187",250000,1480,3,3,"yes",2,"no",1984,"medium",3,14230,"no",12.0123032792388,12.0689181470477,"large",0.222550147170847,12.2066660496735,56969.4763516179
"188",360000,2588,3,3,"yes",2,"yes",1968,"medium",2,19004,"no",12.6725396570166,12.579666597875,"large",0.2413530870412,12.5525062233911,44422.4844902394
"189",369500,3138,4,4,"yes",2,"no",1969,"medium",7,18190,"no",12.922931869757,12.734111023453,"large",0.0182790075057841,12.8016270118646,-19320.9325919798
"190",285400,2460,5,4,"yes",2,"no",1979,"medium",7,27492,"no",12.606906008314,12.5803815826476,"large",-0.125762307618054,12.6874092916429,-56376.3297621959
"191",409000,3566,4,4,"yes",2,"no",1976,"medium",7,18044,"no",13.0822804945303,12.8225125699425,"large",-0.0791741842823447,13.0006446193073,-48316.8638796729
"192",333000,2692,5,4,"yes",3,"no",1984,"medium",7,22020,"no",12.7238205894535,12.6317702832921,"large",-0.0517383217507024,12.7676360907133,-38204.0966781011
"193",362000,2958,5,4,"yes",3,"no",1987,"medium",7,45200,"no",12.8466339810494,12.7986841972275,"huge",-0.201112491069765,13.0005119818777,-82806.741323854
"194",387500,3164,4,4,"yes",2,"yes",1966,"medium",7,23856,"no",12.9334984088028,12.7735735795665,"large",0.0316011851961875,12.8358699425794,-11200.7711032884
"195",239000,2058,3,3,"yes",2,"no",1969,"medium",2,21046,"no",12.3827047275742,12.3903471364399,"large",0.000870669923884201,12.3833481609898,-15671.0928903453
"196",299900,2717,3,4,"yes",2,"no",1983,"medium",7,22083,"no",12.7358742095267,12.6400451656495,"large",-0.159520025564945,12.770724390302,-72601.3215552406
"197",335000,2920,4,3,"yes",3,"no",1987,"medium",7,22434,"no",12.8298240446828,12.7024626224315,"large",-0.100469295024857,12.8223551058321,-69276.4619795239
"198",275000,2554,5,3,"yes",2,"no",1960,"medium",7,21820,"no",12.6553767866031,12.5850267247037,"large",0.0134053685381586,12.5111210081105,-26445.473635825
"199",328000,2805,3,4,"yes",2,"no",1988,"medium",7,22582,"no",12.7774595556105,12.6698448371669,"large",-0.137726574430527,12.8384954617968,-66929.4850152091
"200",333000,2736,4,3,"yes",2,"yes",1979,"medium",7,29591,"no",12.7449640557607,12.6817871135466,"large",-0.033253373951308,12.7491511429139,-44454.6975091046
"201",397000,3516,5,7,"yes",3,"no",1996,"medium",7,34795,"no",13.0652679972863,12.8939490515845,"large",-0.477594616517646,13.369286176187,-134157.330669231
"202",374800,3536,6,4,"yes",2,"yes",1978,"medium",7,19997,"no",13.0721238849555,12.8298116635824,"large",-0.185234220594829,13.0193820499412,-87536.3909607164
"203",520000,2138,5,3,"yes",3,"no",1956,"medium",1,86830,"no",12.4295067224633,12.5971229599296,"huge",0.602268297169704,12.5593157933879,215393.04089247
"204",325000,2718,4,4,"yes",3,"no",1978,"medium",6,22842,"no",12.7363541491496,12.6444923971428,"large",-0.0527897880168413,12.7443702493287,-39059.0613597132
"205",295000,2178,5,3,"yes",2,"no",1958,"medium",1,25891,"no",12.4525006097353,12.4654831791861,"large",0.205012792019027,12.3897178433029,37660.1656511499
"206",415000,3152,5,4,"yes",2,"no",1980,"medium",6,24446,"no",12.9286357934838,12.7736660233346,"large",0.0103278763207404,12.9257059228921,-11716.3017380932
"207",224900,2611,3,3,"yes",2,"no",1987,"medium",7,6924,"no",12.6840386420951,12.463895104197,"large",-0.19549782573197,12.5189089636794,-85081.788546762
"208",265000,2060,4,3,"yes",2,"no",1981,"medium",2,13091,"no",12.3838880085271,12.333137393878,"large",0.103381122151425,12.3841039828169,7866.05529374661
"209",299900,2448,4,4,"yes",3,"no",1979,"medium",7,26790,"no",12.6006103651877,12.5729120599737,"large",-0.0676419125492639,12.6788462772864,-39137.2445273245
"210",390000,4050,6,5,"yes",2,"yes",1966,"medium",7,18262,"no",13.2250406206118,12.8881924150111,"large",-0.290128862536255,13.1640308806421,-112410.805388568
"211",271000,2414,3,3,"yes",2,"no",1914,"medium",7,24357,"no",12.5826400595988,12.5489371029794,"large",0.328028038092145,12.1818460617697,75649.9264768459
"212",330000,3072,4,3,"yes",2,"no",1966,"medium",7,16431,"no",12.8955941224263,12.705166881648,"large",0.0153786188162016,12.6914693146265,-36554.3121957505
"213",350000,2525,3,3,"yes",3,"no",1983,"medium",4,27138,"no",12.6405829114117,12.6017052092283,"large",0.0813743987947107,12.6843140346709,-4585.18712652347
"214",310000,2866,5,3,"yes",3,"no",1961,"medium",7,25249,"no",12.8055148813439,12.701499276456,"large",-0.0101527040528138,12.6544802805141,-40132.9052101848
"215",340000,3246,4,4,"yes",3,"no",1987,"medium",7,52218,"no",12.9660725290635,12.8885104357394,"huge",-0.391757312230921,13.1284582088233,-148323.518489479
"216",307000,2707,4,4,"yes",2,"no",1992,"medium",7,22094,"no",12.7310654836903,12.6369483858201,"large",-0.190568373566288,12.8251714001356,-82510.1074710226
"217",304000,2300,5,3,"yes",2,"no",1961,"medium",3,35824,"no",12.5209556897795,12.5533562393353,"huge",0.118624639441546,12.5061583409468,9845.38953960187
"218",275900,1860,3,3,"yes",2,"no",1957,"medium",1,40741,"no",12.2622012543203,12.3836898592305,"huge",0.186047861038074,12.3417458991673,40063.8485495492
"219",315000,3636,5,3,"yes",2,"no",1976,"medium",7,19776,"no",13.1053855478699,12.845428250823,"large",-0.330291326814742,12.9906192446225,-152526.622198929
"220",295000,1910,4,3,"yes",2,"no",1968,"medium",1,30996,"no",12.2932590525166,12.372956196029,"large",0.208475734672197,12.3862549006498,43205.9809184621
"221",251010,2280,4,2,"yes",2,"no",1956,"medium",1,25543,"no",12.5099065673332,12.5042671782766,"large",0.0719614652370478,12.3612865927207,-11662.7064063969
"222",335000,3386,4,5,"no",2,"no",1965,"medium",7,38428,"no",12.8902579405743,12.7936068821978,"huge",-0.316000627429251,13.0378864382365,-115267.566894251
"223",343500,2324,5,4,"yes",3,"no",1967,"medium",3,22435,"no",12.534125072477,12.5053092849453,"large",0.219272171816158,12.5276702188284,52925.2881371095
"224",297000,1970,4,3,"yes",2,"no",1972,"medium",3,25814,"no",12.3299686338649,12.3772694855227,"large",0.197479657948174,12.4040077598367,37957.5297197899
"225",281000,2062,3,3,"yes",2,"yes",1977,"medium",2,23608,"no",12.3850706109629,12.406093483891,"large",0.0910608694453488,12.4550490788705,4226.82020746335
"226",235000,2617,4,3,"yes",2,"no",1985,"medium",7,8903,"no",12.6870236195892,12.4966299036189,"large",-0.181782940393958,12.5491237335203,-83414.2903678051
"227",237000,2612,4,3,"yes",2,"no",1985,"medium",7,10144,"no",12.6845365624172,12.5109271783033,"large",-0.192738836375335,12.5685542564926,-86861.6372394092
"228",274900,2472,3,3,"yes",2,"no",1969,"medium",7,22451,"no",12.6131772248299,12.5598937931615,"large",-0.0198528121498565,12.5440154863032,-35664.2218664709
"229",229900,1922,4,2,"yes",2,"no",1957,"medium",1,15791,"no",12.300649822007,12.2958695375442,"large",0.185798755740107,12.1596009550112,33353.8124236696
"230",259000,1852,3,2,"yes",2,"no",1984,"medium",3,22204,"no",12.2571926526256,12.305796871047,"large",0.10090543937199,12.3636779013097,710.491986184685
"231",245000,2239,3,3,"yes",2,"no",1986,"medium",3,22216,"no",12.4870437449557,12.4711562535393,"large",-0.158327846883518,12.5673413364104,-69809.4474809968
"232",208000,2068,3,2,"yes",2,"no",1979,"medium",1,34773,"no",12.3886143471689,12.4559924270496,"large",-0.237528908883703,12.4828222675672,-88652.9696579314
"233",421000,2101,3,3,"no",2,"no",1956,"medium",1,65499,"no",12.2792028380997,12.4598161897866,"huge",0.450386176768604,12.5000019358959,134267.016767102
"234",320000,2200,4,3,"yes",2,"no",1968,"medium",1,31450,"no",12.4650315605942,12.4981372794742,"large",0.182278960716954,12.493797314059,30486.8652127558
"235",256000,1972,3,3,"no",2,"no",1989,"medium",3,32027,"no",12.202388867777,12.317034507398,"large",-0.096451008631041,12.5493837320927,-47852.4507056518
"236",275000,2007,3,3,"yes",2,"yes",1959,"medium",3,21311,"no",12.3523018093611,12.3699836772791,"large",0.222073809528009,12.3024525671207,46551.4713985806
"237",222000,2612,4,3,"yes",2,"no",1985,"medium",7,8229,"no",12.6845365624172,12.4853428310398,"large",-0.224061804338379,12.5344944651928,-92104.1324183545
"238",249900,2124,4,1,"yes",3,"no",1974,"medium",2,21834,"no",12.4213947420659,12.4225299668254,"large",0.0839967216350425,12.344819395188,-19049.8184672403
"239",273500,2612,4,3,"yes",2,"no",1985,"medium",7,8924,"no",12.6845365624172,12.4952577244256,"large",-0.0286370099316125,12.5476939107758,-44385.5312172368
"240",218500,2548,2,2,"yes",2,"no",1984,"medium",3,10210,"no",12.6523276892569,12.4900997536419,"large",-0.195080329926517,12.4896216234443,-92454.5252495481
"241",377000,2767,3,3,"yes",3,"no",1941,"medium",4,75232,"no",12.7596633948509,12.8054768743838,"huge",0.17255860613169,12.6674418602985,29177.2794697914
"242",220000,2025,3,3,"yes",2,"no",1989,"medium",3,19618,"no",12.3630826309672,12.3676381481138,"large",-0.187431199078225,12.4888140244127,-67763.2381928827
"243",192900,1956,4,2,"yes",2,"no",1962,"medium",2,21779,"no",12.3214576854984,12.3503119384374,"large",-0.0865626234131116,12.2564898223069,-33129.3400601127
"244",298750,2460,4,3,"yes",2,"no",1967,"medium",3,23907,"no",12.606906008314,12.5632953725504,"large",0.070356774765148,12.5370056074627,-9153.63706163257
"245",315000,2764,3,3,"yes",3,"no",1972,"medium",7,23947,"no",12.7582480025928,12.664571886053,"large",-0.019420648115252,12.679748565923,-41956.7688621468
"246",315000,2004,4,3,"yes",2,"no",1967,"medium",3,24453,"no",12.350499662439,12.3855001755895,"large",0.285025101672883,12.3753028161349,64286.9198930318
"247",465900,2852,4,3,"yes",2,"yes",1961,"medium",7,34040,"no",12.7991317621459,12.7339551497588,"large",0.353688242342041,12.6980380554628,103622.187375892
"248",239500,2096,3,3,"yes",2,"no",1977,"medium",1,15237,"no",12.4050710392789,12.3668812247536,"large",-0.00978968037318818,12.3960983762063,-21195.0459756685
"249",276000,2330,3,3,"yes",2,"no",1989,"medium",7,17433,"no",12.5374021515199,12.4767423584169,"large",-0.0520498659359755,12.5802060106353,-45212.9766180755
"250",226000,2520,4,3,"yes",2,"no",1978,"medium",7,12145,"no",12.63801782479,12.5016482864343,"large",-0.191101598868741,12.5193918771232,-80302.7650633896
"251",235000,2528,3,3,"yes",2,"no",1977,"medium",3,26469,"no",12.6421199278339,12.5996931441597,"large",-0.275335980674133,12.6426767738004,-106629.02798672
"252",247000,2030,4,3,"yes",3,"no",1988,"medium",3,23202,"no",12.3660675499544,12.3903071845663,"large",-0.09435580705013,12.5114994226602,-47198.1072536269
"253",182000,2208,2,2,"yes",2,"no",1985,"medium",7,6734,"no",12.4695679144888,12.3128720846042,"large",-0.193239067952689,12.3050010340116,-68145.7376884867
"254",180000,1500,2,1,"yes",0,"no",1938,"medium",3,39776,"no",12.0260664695019,12.2050152998221,"huge",0.116527345108158,11.9841847847642,35830.1946944631
"255",249000,2078,5,3,"yes",2,"no",1965,"medium",1,21512,"no",12.3945070038396,12.4014923534261,"large",0.0568157775513173,12.3683923978955,-1130.21736935455
"256",260000,2442,4,3,"yes",2,"no",1969,"medium",2,21149,"no",12.5974533836457,12.5418370820915,"large",-0.0549725476534663,12.5234094576511,-43946.12588655
"257",219900,2612,3,3,"yes",2,"no",1986,"medium",7,11288,"no",12.6845365624172,12.5239943562672,"large",-0.291465711890909,12.5923938884338,-110974.476249682
"258",295000,2268,4,3,"yes",3,"no",1972,"medium",2,23976,"no",12.5032445250517,12.4918579860496,"large",0.0946709512646589,12.5000596840573,1339.60228425758
"259",290000,2734,4,3,"yes",2,"no",1971,"medium",7,23488,"no",12.7440101135384,12.6529176481904,"large",-0.081637885480291,12.6592740874429,-60193.1374022809
"260",300000,2228,4,3,"yes",2,"no",1982,"medium",3,21232,"no",12.4808613030385,12.461263537692,"large",0.0813355242212704,12.5302022294171,-3174.77588599966
"261",354900,3000,5,4,"yes",3,"no",1973,"medium",7,21643,"no",12.8649284072812,12.7200200209718,"large",-0.0260568396940241,12.8056481783286,-32517.5149196327
"262",261000,2404,5,3,"yes",3,"yes",1973,"medium",2,17791,"no",12.5773173571696,12.5068600548247,"large",-0.0349793331900363,12.5072550194949,-38145.5917006259
"263",174500,1840,3,2,"yes",2,"no",1960,"medium",1,16356,"no",12.2496593945748,12.2628915597055,"large",-0.0852356495908363,12.1549156702155,-19299.6905962301
"264",244900,2107,3,2,"no",2,"no",1947,"medium",6,30050,"no",12.2827068810637,12.3670386546691,"large",0.141599575155122,12.2670056677851,15008.3322543992
"265",274900,2788,4,3,"yes",2,"no",1984,"medium",7,18960,"no",12.7695283940898,12.6433385919726,"large",-0.203598911957503,12.7277615861108,-98582.1615254227
"266",214000,2416,3,3,"yes",2,"no",1984,"medium",3,15594,"no",12.5837025645338,12.4951366578981,"large",-0.287298193950397,12.5610294879544,-102852.372465697
"267",283000,2430,3,4,"yes",3,"no",1984,"medium",6,18164,"no",12.5911211006039,12.5188886743139,"large",-0.0880737967979152,12.6412759734233,-45761.2449824566
"268",177900,1584,3,2,"yes",2,"no",1989,"medium",2,13947,"no",12.0831309280929,12.1198033551276,"large",-0.134021414069705,12.2229982877236,-34617.5250741393
"269",237500,1873,3,3,"yes",2,"no",1978,"medium",3,21998,"no",12.2703170776832,12.314268480415,"large",-0.00352563755472792,12.3814485400116,-13867.6621078487
"270",202150,1644,4,3,"yes",2,"no",1976,"medium",2,19499,"no",12.1231584573473,12.1907332265927,"large",-0.0491125649339823,12.2658778400029,-10285.6678165723
"271",235000,2400,4,3,"yes",2,"no",1976,"medium",7,44347,"no",12.5751835265792,12.6170797161746,"huge",-0.306484334456798,12.6738251275831,-112319.222819199
"272",217000,2094,4,3,"yes",2,"no",1984,"medium",3,18617,"no",12.4038999716312,12.3905432773907,"large",-0.185441691927453,12.4730943244501,-66987.8702383411
"273",285000,2561,3,3,"yes",3,"no",1981,"medium",7,18985,"no",12.6589263487101,12.5703983298884,"large",-0.0660739348477989,12.6263183940986,-53461.8731602982
"274",217500,1752,3,2,"yes",2,"no",1976,"medium",2,24053,"no",12.1936691335531,12.2687987608627,"large",0.00107099756374046,12.2888831319471,-15513.5786626529
"275",210000,1738,5,3,"yes",2,"no",1983,"medium",3,15206,"no",12.1846404767505,12.2060398402332,"large",-0.049728790443874,12.3045916001435,-17048.8589102185
"276",183340,2068,3,2,"yes",3,"no",1977,"medium",1,24325,"no",12.3886143471689,12.4122952879554,"large",-0.29266448528814,12.4117621168039,-92589.0968524238
"277",252000,2428,4,3,"yes",2,"no",1966,"medium",7,22727,"no",12.5900633452876,12.5455682680186,"large",-0.0735317271407174,12.5107160936343,-47426.4482716593
"278",237000,2090,4,2,"yes",2,"no",1969,"medium",1,22055,"no",12.4015558007851,12.4095889323255,"large",0.0235718697081801,12.3522435504091,-20936.5641424984
"279",205000,1820,3,2,"yes",2,"no",1944,"medium",2,28023,"no",12.2370496831339,12.3194715951656,"large",0.0985468688673239,12.1322183892532,21110.7834167819
"280",285000,3219,4,4,"yes",2,"no",1944,"medium",6,28200,"no",12.9554728538092,12.8069916725123,"large",-0.181046140400402,12.7412905996512,-83885.1908795248
"281",210000,2654,3,5,"yes",2,"no",1962,"medium",1,28882,"no",12.7052960407436,12.6526956376575,"large",-0.45172671967659,12.7065895293762,-127365.149120055
"282",280000,1802,4,3,"yes",2,"no",1956,"medium",1,27700,"no",12.2256429296375,12.3096606854009,"large",0.291084685841584,12.2514601963098,71594.304611944
"283",207000,1765,3,2,"yes",2,"no",1976,"medium",2,22983,"no",12.2020231163669,12.2694099587187,"large",-0.0457158028325407,12.28618987508,-25551.7771107122
"284",221000,2786,4,3,"yes",2,"no",1976,"medium",7,22875,"no",12.7685920933083,12.6656867365695,"large",-0.400128122460841,12.7060461029607,-144747.640344847
"285",257000,1794,3,2,"yes",2,"no",1960,"medium",3,21691,"no",12.2205556199761,12.2760098664334,"large",0.272640984217902,12.1841903796595,55909.7416018157
"286",274000,2768,3,3,"no",2,"no",1921,"medium",7,26268,"no",12.6313419512251,12.5896248168681,"large",0.153249277749653,12.3676341076206,15707.3112519605
"287",262000,2288,3,2,"yes",2,"no",1963,"medium",3,16975,"no",12.5143343585152,12.4573967768207,"large",0.133328272859812,12.3427715098834,3158.34364118695
"288",204400,2028,3,2,"yes",2,"no",1951,"medium",1,26777,"no",12.3648740912472,12.4069715670908,"large",-0.0175213633710032,12.2453555006827,-18139.7503855411
"289",254900,2620,5,3,"yes",2,"no",1966,"medium",7,27989,"no",12.6885138183415,12.6376929017492,"large",-0.165626271418117,12.6142528617823,-78762.8528772936
"290",244000,1644,3,3,"yes",2,"no",1980,"medium",2,32164,"no",12.1231584573473,12.2519353169337,"large",0.0317943567670754,12.3731291475083,105.91311501346
"291",213000,1888,3,2,"yes",3,"no",1958,"medium",1,14757,"no",12.2796458671157,12.2722680862394,"large",0.126358704088727,12.1426887406028,21925.7892079787
"292",240000,2116,4,3,"yes",2,"no",1964,"medium",7,22041,"no",12.416744397323,12.4203665031342,"large",0.00870898368105761,12.3796852186431,-14087.6540002199
"293",235000,2313,4,3,"yes",2,"no",1972,"medium",7,24705,"no",12.5281012338978,12.5128990208413,"large",-0.153915296890545,12.5212560900168,-65805.0495176761
"294",206000,1824,4,2,"yes",2,"no",1959,"medium",1,14748,"no",12.2395770535577,12.2428320295454,"large",0.109809478445717,12.125821969326,21099.5944966918
"295",237000,1942,4,3,"yes",2,"no",1972,"medium",2,23105,"no",12.3129134898012,12.3513340644458,"large",1.13424394785396e-05,12.3758040776778,-13295.442549486
"296",274000,2184,4,3,"yes",2,"no",1977,"medium",3,19090,"no",12.4559262839912,12.4306458422995,"large",0.0561694184598637,12.4647139669103,-8449.03773866837
"297",275000,2578,3,3,"yes",2,"no",1965,"medium",7,22299,"no",12.6675121094624,12.5958459510269,"large",-0.0310520250926685,12.5555784017414,-40669.6892555044
"298",218400,2036,4,3,"yes",2,"no",1960,"medium",7,21996,"no",12.3696438549741,12.3863550543285,"large",-0.0304806076538353,12.3245641305067,-17257.3265900534
"299",156000,1384,2,1,"no",2,"no",1961,"medium",1,26706,"no",11.816502568589,12.0075725751602,"large",-0.0678530529255973,12.0254643391573,-1445.6744709709
"300",220000,1826,4,3,"yes",2,"no",1952,"medium",1,19870,"no",12.2408397209942,12.2802137234498,"large",0.121077227932437,12.1803055974021,32139.8017524445
"301",171500,1681,3,2,"yes",1,"no",1957,"medium",1,15985,"no",12.1475377007189,12.1846042211643,"large",-0.0218460053510943,12.0741845509392,5166.64907828112
"302",180000,1726,3,2,"yes",2,"no",1962,"medium",1,26769,"no",12.1768751659014,12.2694451706769,"large",-0.105947348373216,12.2066594782456,-26273.366801018
"303",204000,1910,3,2,"yes",2,"no",1958,"medium",3,15423,"no",12.2932590525166,12.2876010224112,"large",0.0680215324474131,12.1578537403789,8057.07399655027
"304",307000,2664,4,3,"yes",2,"no",1962,"medium",7,22684,"no",12.7101946700764,12.626402690541,"large",0.064378881749619,12.5702241448197,-14364.987595649
"305",265000,2116,3,3,"yes",2,"no",1976,"medium",2,33344,"no",12.416744397323,12.470989521984,"large",-0.0369168122692879,12.5244019172376,-32744.9972078484
"306",209900,2030,3,3,"yes",2,"no",1959,"medium",1,21914,"no",12.3660675499544,12.3833231109577,"large",-0.0609499267756465,12.3153364325844,-22787.5689547872
"307",173000,1940,3,2,"no",2,"no",1956,"medium",3,11610,"no",12.1828972745614,12.1788035968624,"large",-0.0485669230477426,12.1096137965277,-9471.4705938562
"308",189000,1676,3,3,"no",2,"no",1965,"medium",3,21780,"no",12.0154638769238,12.132503590771,"large",-0.0751110824751248,12.2246133765169,-10361.2162280776
"309",222500,2120,3,2,"yes",2,"yes",1959,"medium",1,17883,"no",12.4190709267284,12.3964622308907,"large",0.0481313852829885,12.2645509953054,-9196.88250514466
"310",265000,2152,4,3,"yes",2,"no",1987,"medium",1,26075,"no",12.4375854555299,12.4557632393677,"large",-0.0808213572233425,12.5683064621917,-48196.103816216
"311",264670,1984,4,3,"yes",2,"no",1966,"medium",1,31204,"no",12.3384463349006,12.4065982451187,"large",0.0849447891658848,12.4012942567744,7170.6363299472
"312",200750,1575,3,3,"yes",2,"no",1957,"medium",1,25543,"no",12.0770741288261,12.1892535785248,"large",0.047436331622523,12.1623793001865,23090.133439189
"313",227900,1798,3,3,"yes",2,"no",1978,"medium",2,17820,"no",12.2231006318407,12.2538466268346,"large",0.0167038605000782,12.3199583547337,-4064.73525528949
"314",255000,2017,3,1,"no",1,"no",1958,"medium",3,86571,"no",12.2295050380806,12.4582371585449,"huge",0.0218529214560293,12.4271659026845,-32059.404425095
"315",208500,1904,3,3,"yes",2,"no",1978,"medium",2,15559,"no",12.2895545077925,12.2859730952528,"large",-0.0886189087106663,12.3363132289317,-30675.8995968846
"316",226900,1718,3,3,"yes",2,"no",1976,"medium",2,49613,"no",12.171684721663,12.3410471732978,"huge",-0.112484293282466,12.4447489640504,-38542.2501076306
"317",215000,1776,4,2,"no",1,"no",1980,"medium",2,22839,"no",12.0802765782093,12.1863584825454,"large",-0.0365372873956425,12.3149305945054,-26780.4648738731
"318",222950,2609,4,3,"yes",2,"no",1961,"medium",1,26087,"no",12.6830422925631,12.6254344944099,"large",-0.251885829504963,12.5665886395606,-95879.7068367078
"319",239900,2226,3,3,"yes",2,"no",1955,"medium",2,13520,"no",12.4797350175098,12.4052776178226,"large",0.105954728174191,12.2820227206536,12818.752016979
"320",176000,1556,2,1,"yes",3,"no",1959,"medium",3,15623,"no",12.0642424312189,12.119496833558,"large",0.0905643974739533,11.9876748765463,25648.3002136971
"321",228000,1764,2,2,"yes",2,"no",1985,"medium",3,8105,"no",12.2013815200797,12.1414807845782,"large",0.162958791681892,12.1741421162547,25922.6769747525
"322",204900,1626,3,3,"yes",2,"yes",1968,"medium",2,15288,"no",12.1112143184231,12.1520592604166,"large",0.0620840479276639,12.1681932862993,22343.8489782596
"323",258000,2012,5,3,"yes",2,"no",1967,"medium",2,21303,"no",12.3553019949797,12.3721034071244,"large",0.104961014524559,12.3557538493792,12696.7140210487
"324",241850,2090,4,4,"yes",2,"no",1963,"medium",7,22010,"no",12.4015558007851,12.4093391714577,"large",-0.0178436653009407,12.4139166435521,-9827.70487702656
"325",198500,2192,4,2,"yes",2,"no",1963,"medium",2,22851,"no",12.4604843504283,12.45586296648,"large",-0.157802071542275,12.3563464506517,-61943.1168266744
"326",243000,2228,4,4,"yes",2,"no",1965,"medium",7,21881,"no",12.4808613030385,12.4649454612272,"large",-0.0750791348599862,12.4758958571827,-30088.3527180003
"327",187000,1825,4,2,"yes",2,"no",1963,"medium",2,15810,"no",12.2402084720906,12.2517992185258,"large",-0.0244152993066943,12.1632791951434,-9387.92992456988
"328",233000,2132,4,3,"yes",2,"no",1966,"medium",2,17159,"no",12.4260342305376,12.3963724354541,"large",0.00117954104603885,12.3576141915018,-15512.4061584806
"329",205000,2160,3,2,"yes",2,"no",1983,"medium",7,16555,"no",12.4421869470521,12.403479466255,"large",-0.190378077283863,12.4211433354044,-76908.174718215
"330",205000,1974,3,2,"yes",2,"no",1954,"medium",1,26196,"no",12.3323942267456,12.3808234050194,"large",-0.0107655963929971,12.2415308545135,-15707.0012214307
"331",189000,1696,3,3,"yes",2,"no",1968,"medium",1,31851,"no",12.1573550223584,12.2762114851516,"large",-0.163570314137198,12.313072608179,-36729.3931793816
"332",204900,2132,3,3,"yes",2,"no",1969,"medium",7,23986,"no",12.4260342305376,12.4373317105363,"large",-0.201195789273247,12.4314731235002,-65321.3005870253
"333",239000,1814,4,3,"yes",2,"yes",1979,"medium",2,24698,"no",12.233253538621,12.3012347807468,"large",-0.00112260639921851,12.3853414373129,-12260.2618775156
"334",193000,1796,3,2,"yes",2,"no",1963,"medium",2,29281,"no",12.2218284651669,12.3136385537567,"large",-0.0826466249685483,12.2530920928556,-28426.6571366151
"335",260000,2268,5,3,"yes",2,"no",1971,"medium",3,35240,"no",12.5032445250517,12.538953672807,"huge",-0.0878764349157257,12.5563133449134,-49592.8164648075
"336",188000,1719,2,3,"yes",2,"no",1960,"medium",1,22009,"no",12.1723341208951,12.2421349623309,"large",-0.0654956693887211,12.2096929112008,-7195.2801478053
"337",190500,1704,3,2,"yes",2,"no",1984,"medium",3,22583,"no",12.1625753213429,12.2380396252207,"large",-0.155350105252093,12.312757578801,-49675.1914240702
"338",230000,2142,3,2,"yes",2,"no",1959,"medium",1,22223,"no",12.4318183244957,12.4321143967668,"large",0.0379329625046812,12.3079016254007,-14640.2632746286
"339",240000,1705,4,2,"yes",2,"no",1972,"medium",1,42322,"no",12.1632270953844,12.3153325049404,"huge",0.0503439109183824,12.3380502914057,-5246.2511473886
"340",235000,1752,4,3,"yes",2,"no",1978,"medium",2,39267,"no",12.1936691335531,12.328733985297,"huge",-0.064553526673752,12.4318943198,-27936.235014513
"341",275000,2554,5,3,"yes",2,"yes",1966,"medium",7,22381,"no",12.6553767866031,12.5881309954493,"large",-0.029389048290088,12.5539154249388,-39804.6214232194
"342",205000,1650,3,2,"yes",2,"no",1965,"medium",3,27235,"no",12.1271276236835,12.2345558535876,"large",0.0295284571511081,12.2012368009694,1541.4101597081
"343",280000,2816,5,3,"yes",2,"no",1946,"medium",5,29109,"no",12.7825653607505,12.7041848985371,"large",-0.0203067549585662,12.56285163711,-39943.236597261
"344",190000,1919,3,4,"yes",2,"no",1938,"medium",7,20093,"no",12.2988044196291,12.3239879919802,"large",-0.0211945932962002,12.1759739444388,15143.6927958099
"345",232500,2080,3,2,"yes",2,"no",1968,"medium",1,32021,"no",12.3956834996229,12.450978301085,"large",-0.0462265158247516,12.4028720198343,-39519.1864574266
"346",259500,2108,4,4,"yes",2,"no",1978,"medium",7,24685,"no",12.4120831963088,12.4308923789269,"large",-0.0692597231599692,12.5357717047481,-30264.1835848397
"347",275000,2480,3,3,"yes",2,"no",1964,"medium",1,22144,"no",12.6173444655014,12.5610516486484,"large",0.0120691210728995,12.5124572555758,-25797.8831739243
"348",183900,1746,3,2,"yes",2,"no",1974,"medium",2,52136,"no",12.1898037803108,12.3605385583153,"huge",-0.277610581891587,12.399757992484,-80367.7765829326
"349",290000,2703,3,3,"no",4,"no",1963,"medium",1,43599,"no",12.6003443419504,12.631315129634,"huge",-0.119542422091079,12.6971786240537,-68847.6382850117
"350",217950,1640,4,2,"yes",2,"no",1979,"medium",3,21314,"no",12.1205089538717,12.1996386702654,"large",0.044107627629488,12.2479133300371,-1207.38663758592
"351",220000,2196,4,3,"yes",2,"no",1972,"medium",7,17899,"no",12.4627593125451,12.4276039146309,"large",-0.124977799449001,12.4263606247835,-50831.3373484022
"352",185000,1701,3,2,"yes",1,"no",1982,"medium",2,21938,"no",12.160618981443,12.233042889267,"large",-0.165953842521527,12.294064946582,-49382.1664264535
"353",288000,2250,3,2,"yes",2,"no",1949,"medium",4,23684,"no",12.493205661735,12.4833135024172,"large",0.277716206703145,12.2929995524149,46887.6792423335
"354",197500,2502,4,2,"yes",2,"no",1964,"medium",6,23749,"no",12.6287483996993,12.5773675916849,"large",-0.28799996284267,12.481493826166,-106365.517863513
"355",179975,1762,4,3,"yes",2,"no",1959,"medium",1,15742,"no",12.2000978186177,12.2217116366467,"large",-0.063715011570727,12.1642882429082,-3054.06840329243
"356",195000,2016,4,3,"yes",2,"no",1963,"medium",2,18102,"no",12.3576990901483,12.3539216948861,"large",-0.124167883396966,12.3049227209428,-35103.5252091534
"357",228400,1904,3,3,"yes",2,"yes",1976,"medium",2,14945,"no",12.2895545077925,12.2810495748039,"large",0.02198234550339,12.3168714112606,-4839.73143608351
"358",194750,1652,5,2,"yes",2,"no",1960,"medium",1,24644,"no",12.128449322095,12.2233170651627,"large",0.0260025708967112,12.1534693928363,5844.34998083045
"359",195000,2042,4,3,"no",2,"no",1963,"medium",2,21849,"no",12.2444211515545,12.3006177679444,"large",-0.164224600847279,12.3449794383932,-47198.5734370988
"360",210000,2019,4,3,"yes",3,"no",1960,"medium",2,14837,"no",12.3594951304178,12.330894654625,"large",0.000562774740719995,12.2543000349589,-5122.87332586063
"361",239550,2791,5,3,"yes",3,"no",1946,"medium",4,22863,"no",12.7709315730427,12.6671375075642,"large",-0.127947702808321,12.5144651451196,-65935.6891477032
"362",242000,2514,4,3,"yes",1,"no",1953,"medium",5,17535,"no",12.634934123079,12.5444714538105,"large",-0.0192239325614452,12.4159169377003,-29935.5707214843
"363",185000,1746,3,2,"yes",2,"no",1984,"medium",3,12386,"no",12.1898037803108,12.1847787475851,"large",-0.102098619367693,12.2302097234282,-32527.5325341458
"364",175000,1930,3,2,"yes",2,"no",1956,"medium",2,15923,"no",12.3055634313281,12.300464125184,"large",-0.0848726426580362,12.1574138955637,-20927.0389139683
"365",165000,1552,3,1,"yes",3,"no",1959,"medium",3,27068,"no",12.0615332182514,12.1846691091505,"large",-0.0619973003969618,12.0756980532797,-10473.4107390635
"366",185000,1566,4,2,"yes",2,"no",1993,"medium",2,13504,"no",12.0710035895911,12.106753250503,"large",-0.108878783414697,12.2369898874752,-31829.841976003
"367",173194,1669,3,2,"yes",2,"no",1964,"medium",2,24643,"no",12.1396563634707,12.2316664693978,"large",-0.123235118856582,12.1854027513347,-25997.9396807719
"368",205150,1814,3,3,"yes",2,"no",1978,"medium",2,18714,"no",12.233253538621,12.26730658194,"large",-0.102233360624697,12.333730058495,-31141.3273159515
"369",214200,1794,3,3,"yes",3,"no",1976,"medium",2,24308,"no",12.2205556199761,12.2899391912037,"large",-0.0815004656906969,12.3561659026865,-27675.7755937162
"370",182500,1691,3,2,"yes",2,"yes",1968,"medium",2,21961,"no",12.1540868225429,12.228316001279,"large",-0.085892529529999,12.2003979815347,-22244.9077809425
"371",205000,1834,4,3,"yes",2,"no",1959,"medium",1,30726,"no",12.2458836055706,12.3372227436435,"large",-0.0685095147081232,12.2992747728287,-18415.8637855327
"372",208000,1984,5,3,"yes",2,"no",1961,"medium",1,22047,"no",12.3384463349006,12.3641199078106,"large",-0.0672324171313081,12.3125257758148,-23152.7128471635
"373",225000,1966,4,3,"yes",2,"no",1962,"medium",1,24871,"no",12.3275403269164,12.370958437138,"large",-0.00820671971652764,12.3320624009031,-11503.9111271348
"374",170000,1669,3,2,"yes",2,"no",1967,"medium",2,21253,"no",12.1396563634707,12.2135688258012,"large",-0.137086992362834,12.1806407083952,-28377.3683828333
"375",216000,2132,4,3,"yes",2,"no",1976,"medium",1,41332,"no",12.4260342305376,12.5038754900148,"huge",-0.282132889371127,12.5651665760374,-93804.5752578781
"376",180000,2007,4,3,"yes",2,"no",1959,"medium",3,15992,"no",12.3523018093611,12.3348712137862,"large",-0.154996106964343,12.2557082368367,-35057.1362676155
"377",169200,1964,4,2,"yes",2,"no",1964,"medium",7,18162,"no",12.3263251556667,12.3316342520615,"large",-0.203875634017552,12.2427123601718,-53439.4204103749
"378",213000,2325,4,3,"yes",3,"no",1973,"medium",3,16699,"no",12.5346716763905,12.469582088262,"large",-0.199244276078311,12.4682917207699,-73100.8912694116
"379",210000,2196,4,3,"yes",2,"no",1965,"medium",7,29329,"no",12.4627593125451,12.4879924764006,"large",-0.206786162534693,12.4616489722343,-69658.2456272806
"380",185000,2061,3,2,"yes",2,"no",1956,"medium",2,25379,"no",12.3844793945596,12.4145147491083,"large",-0.152701449132787,12.2808125531932,-49399.9876715148
"381",179900,1828,3,2,"yes",2,"no",1956,"medium",3,37150,"no",12.2421017099137,12.3576615381099,"huge",-0.158185260090205,12.2583416800288,-42510.5157527762
"382",196000,1956,4,3,"yes",2,"no",1968,"medium",1,20486,"no",12.3214576854984,12.3428275090015,"large",-0.149651520235326,12.335521458448,-42355.9183574148
"383",219900,1852,6,3,"yes",2,"no",1968,"medium",2,20800,"no",12.2571926526256,12.2978092374473,"large",0.000648402292786434,12.3002797742501,-5881.686214744
"384",159900,1795,1,2,"yes",2,"no",1980,"medium",11,26467,"no",12.2211921273861,12.3008139108725,"large",-0.363518317893509,12.3458222167156,-91183.0839367117
"385",170000,1580,2,1,"no",1,"no",1950,"low",5,10799,"no",11.9516478118133,11.8703604503931,"large",0.165286313114818,11.8782674029176,52068.6545282888
"386",169900,1708,3,1,"no",1,"no",1950,"low",1,11413,"no",12.0363884979467,11.9403790877335,"large",0.109273206013821,11.9336921016462,33040.4816097578
"387",189500,1700,4,2,"no",2,"no",1953,"low",1,14023,"no",12.0311736270979,11.9616899732658,"large",0.118161905904524,12.0339823976001,34963.9800822788
"388",195000,1742,1,1,"yes",2,"no",1961,"low",1,18250,"no",12.1872234855646,12.1016103166143,"large",0.0874336190493838,12.0933212184965,9584.06649643363
"389",215000,1890,4,2,"yes",2,"no",1961,"low",1,22110,"no",12.2808868220097,12.1939600125552,"large",0.0498279685848198,12.228565338525,-1273.60232136817
"390",171000,1512,2,1,"no",1,"no",1956,"low",1,14774,"no",11.9054989130593,11.8739684409165,"large",0.106128734533527,11.9432901009513,34961.832473412
"391",179900,1840,3,1,"no",2,"no",1953,"low",1,40832,"no",12.1208664927881,12.1586244809936,"huge",-0.108257340336225,12.2084137602748,-39357.2232318144
"392",120000,1060,2,1,"no",2,"no",1947,"low",1,15001,"no",11.5788096402849,11.6254259606536,"large",-0.0286044284371891,11.7238514502014,59246.3397884302
"393",175000,1540,3,2,"no",2,"no",1957,"low",1,45458,"no",11.9245963931551,12.0257970135979,"huge",-0.120650441416516,12.1931916943222,-22066.9308623339
"394",232900,1550,4,2,"yes",2,"yes",1962,"low",2,14998,"no",12.0601775939922,11.9827916771778,"large",0.309847558662058,12.0485168972104,76125.3487550252
"395",229900,2787,4,2,"yes",1,"no",1922,"low",5,39558,"no",12.7690603285136,12.6043125595557,"huge",-0.051886407475478,12.3972861182268,-48937.2714923506
"396",174900,1528,2,2,"yes",2,"no",1982,"low",1,25193,"no",12.0452209450219,12.0349569587322,"large",-0.181874947816782,12.2538446088235,-43837.4930613431
"397",168900,1928,2,2,"no",2,"no",1941,"low",5,26393,"no",12.1755431449865,12.1452233842392,"large",-0.105238275784899,12.1423003785808,-19901.3044973912
"398",229500,2329,3,2,"yes",2,"no",1960,"low",7,28179,"no",12.5368563957525,12.4064295297861,"large",-0.0771625696231534,12.4208208781059,-52128.65843101
"399",236000,1940,4,3,"yes",2,"no",1959,"low",1,15073,"no",12.3116901763481,12.1695551337162,"large",0.149812781520601,12.2217743024871,32260.8047654644
"400",205500,2114,5,2,"yes",2,"no",1966,"low",7,14526,"no",12.4155801148449,12.2398905500503,"large",-0.0404321179812034,12.2736334308996,-29938.4194323669
"401",212000,1799,3,2,"yes",2,"no",1962,"low",2,16210,"no",12.2237364607338,12.1140791946663,"large",0.112867927777953,12.1514736258762,19796.9052690592
"402",205000,1864,3,2,"yes",2,"no",1940,"low",1,25628,"no",12.264701484066,12.2001792878961,"large",0.122907959054218,12.1078572990663,27774.2347528592
"403",193000,1581,3,2,"yes",2,"no",1956,"low",1,15064,"no",12.0811135216671,11.9990550553038,"large",0.148632656120353,12.0218128117667,44236.236677429
"404",180000,1652,3,2,"yes",2,"no",1959,"low",3,21875,"no",12.128449322095,12.0800857516181,"large",-0.0269101613798957,12.1276222912522,-1317.70781621627
"405",184000,1592,4,2,"no",2,"no",1977,"low",1,25943,"no",11.9597103130884,11.9835840549799,"large",-0.126922226644901,12.249613263236,-34134.1865048697
"406",144900,1520,3,1,"no",1,"no",1953,"low",4,36359,"no",11.9109689062829,11.9882201749879,"huge",-0.189670936232925,12.0734700645417,-28073.2961397374
"407",255000,1792,2,2,"yes",2,"no",1955,"low",1,31257,"no",12.2192820962683,12.1910916311343,"large",0.238295165459156,12.2107236586814,47272.2117698648
"408",137000,1464,2,1,"no",1,"no",1957,"low",1,14999,"no",11.872450972021,11.8508446745998,"large",-0.107049814111057,11.9347860189213,4358.62904263221
"409",178000,1702,3,2,"no",2,"no",1961,"low",1,21898,"no",12.0324783625855,12.0171615919455,"large",-0.069275460453158,12.1588142897274,-13811.4989059384
"410",296000,2180,3,2,"yes",2,"no",1952,"low",1,29617,"no",12.4536431796709,12.3540782831997,"large",0.274778612325261,12.3233361209809,47315.119434605
"411",186500,1486,2,2,"yes",2,"no",1958,"low",1,18479,"no",12.0164393607458,11.9753395689941,"large",0.102676800651434,12.0335097174146,36282.5261730264
"412",170000,1364,2,1,"no",2,"no",1942,"low",1,26369,"no",11.8023458384925,11.8665775115765,"large",0.149839184406852,11.8937145316255,54256.0126106071
"413",219000,1540,4,2,"yes",2,"no",1977,"low",2,30691,"no",12.0533892949418,12.0652473468126,"large",0.0387120511178884,12.2581149576807,-330.69750627605
"414",188000,1608,4,2,"yes",2,"no",1969,"low",2,19380,"no",12.0992152196257,12.0434293503729,"large",-0.0121886992587635,12.1563859410708,-2341.74478212895
"415",195250,1668,3,1,"yes",2,"no",1956,"low",3,17060,"no",12.1389984827766,12.0575488429046,"large",0.158747898028931,12.023288169673,32576.6496019396
"416",175000,1944,3,2,"yes",2,"no",1951,"low",1,43562,"no",12.3141361247374,12.3011120916195,"huge",-0.221572947666174,12.2941142005718,-59506.6506684189
"417",215000,1883,4,2,"yes",2,"yes",1956,"low",1,19932,"no",12.2765405113692,12.1781028191596,"large",0.101467325881985,12.1769259812278,14603.0339788884
"418",197500,2215,4,1,"no",2,"no",1948,"low",6,25540,"no",12.3447354168248,12.2625411831439,"large",-0.0423171229041731,12.2358109862275,-37625.5035609678
"419",249900,1916,2,2,"yes",2,"no",1954,"low",1,20576,"no",12.2969574905881,12.1968910470666,"large",0.247632458322055,12.181183658501,47863.4001547968
"420",180000,1508,2,2,"yes",2,"no",1959,"low",1,32469,"no",12.0315527471324,12.0556784343281,"large",-0.0389800070160415,12.1396921368884,-1344.23076094355
"421",174900,1809,3,1,"yes",2,"no",1958,"low",2,16782,"no",12.2300854200562,12.1229944829472,"large",-0.0126680114202997,12.084637672427,-9075.08234799297
"422",189900,1958,4,3,"no",2,"no",1935,"low",5,22788,"no",12.1938826690292,12.1405910835722,"large",0.013309375994565,12.1409435208058,13285.7638029283
"423",154000,1592,2,1,"yes",2,"no",1951,"low",1,10332,"no",12.0885032148751,11.9584875473539,"large",0.0628415909464621,11.8818662904493,34568.4782915161
"424",150000,1636,2,1,"yes",2,"no",1950,"low",1,10000,"no",12.1178567363283,11.9764584768632,"large",0.0323273292426991,11.8860632438357,28500.9079439423
"425",189900,1800,3,2,"no",2,"no",1964,"low",2,13566,"no",12.0955792182109,12.0052865116506,"large",0.0185170271473475,12.135735869653,1815.21084423553
"426",157000,1600,3,1,"no",2,"no",1950,"low",5,10807,"no",11.9650717435993,11.8805152308162,"large",0.0783596613327149,11.8856414229977,36479.5684213993
"427",182000,1550,3,1,"yes",2,"no",1966,"low",1,15100,"no",12.0601775939922,11.9836205152672,"large",0.0867008244710747,12.0250611415879,19798.2358484852
"428",187650,1578,3,1,"yes",2,"no",1958,"low",1,14631,"no",12.0790945885782,11.9939736705985,"large",0.163803414929308,11.9785303896339,39577.028770475
"429",175000,1644,3,1,"yes",2,"no",1956,"low",1,12999,"no",12.1231584573473,12.0124913201408,"large",0.10221557081309,11.9703256820926,28071.3075286773
"430",189900,1556,3,2,"yes",1,"no",1959,"low",3,19840,"no",12.0642424312189,12.0200615086951,"large",0.0773433183857323,12.0769095784146,25398.0640609945
"431",175000,1672,3,1,"yes",2,"no",1949,"low",1,22617,"no",12.1416289877774,12.0939885380453,"large",0.0470050398127756,12.0255362130929,12869.8688105316
"432",159900,1650,2,2,"yes",1,"no",1957,"low",1,14997,"no",12.1271276236835,12.0329375796178,"large",-0.0702513139308588,12.0525552127529,501.732687917727
"433",184900,1676,3,2,"no",2,"no",1956,"low",1,16156,"no",12.0154638769238,11.9673205852707,"large",0.0599105989151448,12.0676598184601,20738.2285067993
"434",174900,1960,2,2,"no",2,"no",1947,"low",1,16953,"no",12.1950998758298,12.1053034298204,"large",-0.0485358335198398,12.1205054945265,-9519.30713594398
"435",143000,1649,3,1,"yes",1,"no",1951,"low",5,20096,"no",12.1264665200339,12.0682337253177,"large",-0.140242704353258,12.0108426135953,-14739.0796422261
"436",164900,1728,3,1,"yes",1,"no",1950,"low",4,10999,"no",12.1781710806687,12.0329838440756,"large",0.0781640348534507,11.9349304736942,27209.1460048209
"437",173500,1586,3,2,"yes",1,"no",1958,"low",1,15862,"no",12.0844750175639,12.0078887452039,"large",0.0190161631400133,12.044916715229,17631.806990672
"438",161800,1592,2,1,"no",1,"no",1951,"low",1,18686,"no",11.9597103130884,11.9434588006035,"large",0.0157888188570173,11.9783274647495,14734.1230192276
"439",148000,1514,2,2,"yes",1,"no",1964,"low",1,16209,"no",12.0356603309273,11.9738227041685,"large",-0.156021426586804,12.0609889793331,-11856.3015928375
"440",177000,1952,4,2,"yes",2,"no",1963,"low",1,24377,"no",12.3190198793126,12.2336669733407,"large",-0.195923833415394,12.2798288449714,-55803.4507542125
"441",149900,1550,3,1,"yes",2,"no",1956,"low",1,14311,"no",12.0601775939922,11.9770579001878,"large",-0.0341645146972103,11.9518881987879,10493.1622887979
"442",170000,1544,2,2,"no",1,"no",1957,"low",1,14942,"no",11.9273137483261,11.8917853529334,"large",0.030039997725075,12.0135137183073,24312.1971717551
"443",142000,1566,3,1,"no",1,"no",1959,"low",1,15228,"no",11.9422106878044,11.9053031479446,"large",-0.123550340806519,11.9871326773899,-8434.65205926447
"444",186900,1650,3,2,"yes",2,"no",1961,"low",1,22000,"no",12.1271276236835,12.0797964970403,"large",-0.00238282523218164,12.1407118186758,1513.59501691877
"445",152900,1392,2,2,"no",2,"no",1951,"low",1,29199,"no",11.8221462621529,11.8941255618012,"large",-0.0912526249483062,12.0287920168655,7556.47040985196
"446",350000,2981,5,4,"yes",2,"no",1950,"low",6,49756,"no",12.8566894213078,12.6880448040752,"huge",-0.0203846473551818,12.7860730808208,-27142.7620547454
"447",130000,1412,2,1,"no",1,"no",1940,"low",1,16752,"no",11.8362079998759,11.8368739735705,"large",-0.0490900615062654,11.824379790944,33341.8317052167
"448",167900,2180,4,2,"no",2,"no",1948,"low",3,15001,"no",12.3248502778841,12.1834092040534,"large",-0.155698913158603,12.1868227562242,-40943.4193875734
"449",184900,1704,2,2,"yes",2,"no",1954,"low",1,16759,"no",12.1625753213429,12.0729102586557,"large",0.0566775319944323,12.0708928853808,19511.2679232434
"450",178000,1600,3,2,"yes",2,"no",1957,"low",3,15090,"no",12.093864645386,12.0088253599818,"large",0.0541108583022129,12.035427970972,24699.7848561891
"451",111000,1276,3,2,"no",1,"no",1951,"low",1,11554,"no",11.7392501479262,11.7174206283067,"large",-0.218508024634552,11.835793504929,23711.0759101501
"452",207000,1666,4,2,"no",1,"no",1954,"low",1,39523,"no",12.008889310714,12.0718194732462,"huge",0.0436925577480062,12.1967815144995,6451.96020324563
"453",190000,1760,3,2,"yes",2,"no",1974,"low",2,20193,"no",12.1988134386387,12.1225557258256,"large",-0.0956410626433106,12.2504204137859,-31818.8976628644
"454",230000,1836,3,2,"no",2,"no",1946,"low",1,46339,"no",12.1183499786356,12.1722486797799,"huge",0.11304667113971,12.2327879167656,16551.7642057213
"455",165000,1636,3,1,"no",2,"no",1953,"low",1,20125,"no",11.9890638345416,11.97449583298,"large",-0.00554912597156035,12.0192498788543,4795.71594135915
"456",210000,1748,3,2,"yes",2,"no",1957,"low",1,14512,"no",12.1910929099085,12.0764476667013,"large",0.172117418287004,12.0827453914126,39617.6335545361
"457",226000,2556,4,2,"no",2,"no",1923,"low",6,36276,"no",12.5275988935646,12.4317293970394,"huge",0.022438040865513,12.3058522373889,-21322.0427982593
"458",149900,1511,4,1,"yes",1,"no",1954,"low",1,14821,"no",12.0336073023614,11.9613270275557,"large",-0.0128335580152461,11.9305572421059,17899.8353542676
"459",155000,1524,3,2,"yes",2,"no",1958,"low",1,21875,"no",12.0424927335797,12.0156319526888,"large",-0.123576095137686,12.0747564910391,-7939.39014856501
"460",219900,1821,4,2,"yes",2,"no",1956,"low",1,16696,"no",12.2376817801837,12.1279536814035,"large",0.175328397045683,12.1255997794972,35684.3990819592
"461",132000,1596,1,1,"no",0,"no",1940,"low",1,28357,"no",11.9623923853778,11.9964742368266,"large",-0.186243038203167,11.9768002397717,-12708.2239404659
"462",195000,2392,4,2,"no",2,"no",1960,"low",1,30265,"no",12.4421148214083,12.3512689128773,"large",-0.274540498567476,12.4552953361134,-98006.1366170095
"463",155900,1748,2,1,"yes",2,"no",1956,"low",1,16231,"no",12.1910929099085,12.0901371910475,"large",-0.0872225354457118,12.0441925904916,-14668.3421334113
"464",119900,1384,2,1,"no",0,"no",1949,"low",1,30002,"no",11.816502568589,11.893147459292,"large",-0.272672925287477,11.9670862663031,-18622.7622376695
"465",175000,1628,3,1,"yes",2,"yes",1957,"low",1,17069,"no",12.1125441590381,12.0378724739789,"large",0.0572305211664696,12.0153107317392,15381.9464069746
"466",304000,1911,4,2,"yes",2,"no",1953,"low",1,86248,"no",12.2938758829349,12.3698929695103,"huge",0.218553434480111,12.4062295459082,37794.248952675
"467",190000,1624,4,3,"no",1,"no",1959,"low",3,15002,"no",11.9810908975045,11.9326124951044,"large",0.0483784278569407,12.1064009232857,26842.8825598426
"468",229100,1956,3,2,"yes",2,"yes",1984,"low",6,14710,"no",12.3214576854984,12.1736685601513,"large",0.00754829006050979,12.3343655783811,-23270.2024183672
"469",187500,2012,4,2,"no",2,"no",1953,"low",5,14925,"no",12.226509093193,12.1124502066828,"large",-0.0157508101492425,12.1572849345418,-9794.34286375824
"470",173000,1590,2,2,"yes",2,"no",1956,"low",1,22336,"no",12.087161160955,12.0517580546334,"large",-0.0281539430066462,12.0892008164866,4716.35652689363
"471",170000,1687,2,1,"yes",1,"no",1941,"low",4,20925,"no",12.1514692093642,12.0918038327958,"large",0.0767849923826583,11.9667687236497,25814.0294276519
"472",179000,1816,4,1,"yes",2,"no",1956,"low",3,16508,"no",12.2345195986423,12.1242437238634,"large",0.0235318669737359,12.0716092178492,-1043.0226179151
"473",162500,1622,3,1,"yes",1,"no",1956,"low",3,16120,"no",12.1085526016424,12.0278931572744,"large",0.00105466052493253,11.997378620227,8345.35871028172
"474",172000,1604,4,2,"yes",2,"no",1954,"low",1,14964,"no",12.0965412895398,12.0098048258741,"large",0.0390670175662538,12.0161827382293,24667.5442830678
"475",153200,1592,4,2,"no",1,"no",1956,"low",1,16396,"no",11.9597103130884,11.9274715193905,"large",-0.100096304113443,12.0395958404021,-920.385118146106
"476",220000,1922,3,2,"yes",2,"no",1952,"low",1,33579,"no",12.300649822007,12.2594730539814,"large",0.0511769979531541,12.2502058273813,-1586.70893186825
"477",174000,1892,3,1,"yes",1,"no",1955,"low",3,14712,"no",12.2821270983866,12.1450507840888,"large",-0.00716709047314616,12.0739776686698,-8349.26415664338
"478",200000,1628,3,1,"yes",2,"no",1959,"low",1,15412,"no",12.1125441590381,12.0253849655777,"large",0.194498956336239,12.0115736891939,41086.0961012165
"479",161000,1644,2,2,"yes",2,"no",1956,"low",1,17030,"no",12.1231584573473,12.0455211720234,"large",-0.0754715272600592,12.0646311712267,-1531.61606878824
"480",135000,1450,3,1,"yes",2,"no",1955,"low",1,15868,"no",11.9915312719153,11.937862402222,"large",-0.112960093071757,11.9259901504923,5578.52354640818
"481",190000,1592,3,2,"yes",2,"no",1959,"low",1,22748,"no",12.0885032148751,12.0549992192523,"large",0.042546797823792,12.1122325533188,14520.8637785249
"482",153800,1654,2,1,"no",2,"no",1962,"low",1,25874,"no",12.0009774402028,12.0141156659662,"large",-0.18126896790128,12.124677303955,-38685.2135273547
"483",144900,1388,2,1,"yes",2,"no",1950,"low",1,10568,"no",11.9481186741916,11.8551861883294,"large",0.0786851090209689,11.8051140192878,52500.7773517078
"484",165000,1670,3,2,"no",2,"no",1953,"low",1,18525,"no",12.0115211727488,11.9811168210343,"large",-0.054727430095396,12.0684281829781,1310.74217239502
"485",186000,1953,3,2,"yes",1,"no",1956,"low",1,17129,"no",12.3196295853029,12.1909590368536,"large",-0.0441388745779555,12.1776408272733,-16269.7329176284
"486",167000,2008,3,1,"yes",2,"no",1963,"low",1,21860,"no",12.3529021857433,12.2448712843395,"large",-0.206314024331255,12.2320631157301,-64867.6951337616
"487",189600,1650,3,2,"yes",2,"no",1960,"low",1,34724,"no",12.1271276236835,12.1356062797787,"large",-0.0558944652443377,12.2085663340474,-15042.255542595
"488",170000,1578,3,1,"yes",2,"no",1975,"low",1,22485,"no",12.0790945885782,12.0465205318612,"large",-0.114472684771829,12.1580264008042,-32610.0598361937
"489",189500,1618,3,2,"yes",2,"no",1962,"low",1,27539,"no",12.1058881707938,12.0913895177993,"large",-0.01996314217848,12.1721074456831,-4301.39423862596
"490",153500,1642,3,1,"no",2,"no",1959,"low",1,14901,"no",11.9930411430813,11.9407149263298,"large",-0.0697061032501416,12.0111619492595,-5629.54329372484
"491",159900,2008,1,2,"yes",2,"no",1941,"low",1,31657,"no",12.3529021857433,12.2901537609272,"large",-0.218616453632259,12.2009203524543,-47601.1096716422
"492",158000,1604,3,2,"yes",1,"no",1960,"low",1,23534,"no",12.0965412895398,12.0651756312892,"large",-0.158207952328725,12.1285582643378,-22625.3137047233
"493",175000,2035,4,2,"yes",3,"no",1962,"low",7,20131,"no",12.3690482282106,12.2464355916013,"large",-0.199790119649864,12.2723313725555,-57450.0841011113
"494",147000,1534,3,2,"no",1,"no",1955,"low",3,15361,"no",11.9205152715215,11.8900499459571,"large",-0.103314106486371,12.0015019722472,5358.06861844728
"495",155000,1624,2,2,"yes",2,"no",1955,"low",1,16721,"no",12.1098837992912,12.0333647804488,"large",-0.0967727145869856,12.0479531104884,-2093.87096002558
"496",150000,1700,4,2,"yes",1,"no",1954,"low",1,15391,"no",12.1599665288846,12.0605593280027,"large",-0.137189150883738,12.0555797239621,-10906.4795515036
"497",165000,1630,3,2,"yes",2,"no",1978,"low",2,24963,"no",12.1138733211361,12.0853504058422,"large",-0.249868929456821,12.2635696823395,-58221.1395347973
"498",147000,1526,3,2,"yes",1,"no",1957,"low",1,15007,"no",12.0438571785593,11.9705794748087,"large",-0.109504385667602,12.0076922514285,3408.84881841787
"499",146250,1672,3,1,"yes",2,"no",1949,"low",1,22617,"no",12.1416289877774,12.0939885380453,"large",-0.132463447998772,12.0255362130929,-15880.1311894684
"500",177500,1588,4,2,"yes",2,"no",1980,"low",2,21925,"no",12.0858184285179,12.0484801859633,"large",-0.153373228558195,12.2400991164558,-38362.9117616599
"501",153650,1752,4,2,"yes",2,"no",1950,"low",6,9126,"no",12.1936691335531,12.0216315857898,"large",-0.0211455414997787,11.9635781090584,18594.1142388697
"502",199500,1674,4,2,"no",2,"no",1947,"low",1,33237,"no",12.0141503207157,12.0545560362039,"large",0.0771913589673748,12.1263781563447,20213.1590293578
"503",186000,1980,3,1,"no",1,"no",1927,"low",6,47679,"no",12.2072346254027,12.2405470034542,"huge",0.0166109141371315,12.1168910385582,-5609.8202998136
"504",139900,1396,1,1,"no",2,"no",1950,"low",1,25879,"no",11.8249640378332,11.8815091826587,"large",-0.105132352634408,11.953815513288,4709.90379156554
"505",160000,1178,1,1,"no",2,"no",1959,"low",1,9941,"no",11.6674384916425,11.6437755042976,"large",0.205940847783475,11.7769882464325,79013.2250367626
"506",125000,1263,2,2,"no",0,"no",1955,"low",1,12357,"no",11.7298178320428,11.7183993158723,"large",-0.131722669569219,11.8677916858537,28121.062940838
"507",359900,2377,5,2,"yes",2,"no",1937,"low",6,51005,"no",12.562861330806,12.4970229752379,"huge",0.406961460575446,12.3866200334917,91139.6105129192
"508",184500,1304,3,1,"yes",2,"no",1951,"low",1,21305,"no",11.8882614398171,11.895228192865,"large",0.230173692609135,11.8952310498536,68102.2525391321
"509",155000,1340,3,1,"no",0,"no",1952,"low",1,5666,"no",11.7852681981387,11.6655068423789,"large",0.252065720138667,11.6991146757627,93744.9539984781
"510",150000,1559,2,1,"no",2,"no",1952,"low",1,23999,"no",11.9374796580509,11.9573733588426,"large",-0.0951499290135851,12.013540502092,-6550.6559666826
"511",146000,1412,1,2,"yes",0,"no",1920,"low",1,4560,"no",11.9650009016626,11.7652429956106,"large",0.357350086645895,11.5340118140446,147605.236748351
"512",129000,1198,2,2,"yes",2,"no",1925,"low",1,20918,"no",11.8110191442932,11.8336428961025,"large",0.0309650191078172,11.736602664236,76749.8099221071
"513",145000,1424,2,1,"yes",2,"no",1947,"low",1,16414,"no",11.9734053754826,11.9282512785669,"large",0.013970012406322,11.8705190089964,33555.2987427804
"514",200000,1370,4,1,"no",1,"no",1925,"low",4,8000,"no",11.8065999819495,11.7239643955443,"large",0.613898053548146,11.592174591982,173613.476398827
"515",149900,1584,3,2,"yes",2,"no",1957,"low",1,13514,"no",12.0831309280929,11.9872904750636,"large",-0.0939441497353992,12.0116678338261,3787.87967965498
"516",132000,1567,2,1,"yes",1,"no",1934,"low",4,12249,"no",12.0716787724675,11.9666762398215,"large",-0.000408134473212029,11.7909653360417,42320.4158065466
"517",136900,1409,2,1,"no",1,"no",1951,"low",1,28421,"no",11.834103064763,11.8999158765274,"large",-0.153221275402555,11.9802272866791,-6349.57360437759
"518",137000,1655,2,1,"no",1,"no",1935,"low",1,54651,"no",12.0016376957062,12.106044619948,"huge",-0.245052874990994,12.0727890798013,-35697.0191898808
"519",185000,1944,3,2,"yes",2,"no",1939,"low",6,17999,"no",12.3141361247374,12.1930275921516,"large",0.0552106108779258,12.0729004931825,16065.6809647231
"520",133500,1922,3,1,"no",2,"no",1950,"low",1,14805,"no",12.1718569202202,12.0718424343991,"large",-0.251808811355687,12.0536655681781,-42828.9565082326
"521",124000,1480,3,2,"yes",2,"no",1953,"low",1,28351,"no",12.0123032792388,12.0245546524862,"large",-0.340759731094594,12.0687965756818,-35267.4304341983
"522",95500,1184,2,1,"no",1,"no",1951,"low",1,14786,"no",11.6718819413297,11.6957537558743,"large",-0.325365788482415,11.7922473149512,11464.590169128
